"V1","V2","V3","V4","V5","V6","V7","V8","V9","V10","V11","V12","V13"
"1","7052.9483955706","3127.16068834257","1733.56212690816","1378.15118680626",NA,NA,NA,NA,NA,NA,NA,NA
"3","3465.55503936573","2003.42080254104","1234.89571848915","1031.37400228832",NA,NA,NA,NA,NA,NA,NA,NA
"4","8377.01757246876","4394.15567456398","2900.2607728878","2446.57409661473",NA,NA,NA,NA,NA,NA,NA,NA
"6","13079.5472413072","3936.34583930612","1124.77856862457","1106.45495660259",NA,NA,NA,NA,NA,NA,NA,NA
"7","13785.8669415166","7080.39713064709","5214.34636818312","4175.47211816162",NA,NA,NA,NA,NA,NA,NA,NA
"8","4269.21848849512","2368.45678679908","1393.55562467399","1093.05369188201",NA,NA,NA,NA,NA,NA,NA,NA
"9","6320.32111902599","3422.89767092077","2147.85680302485","1790.45228247862",NA,NA,NA,NA,NA,NA,NA,NA
"10","6614.88788831222","3169.22919134151","1723.86529617824","1409.11125470554",NA,NA,NA,NA,NA,NA,NA,NA
"11","95141.5732002016","37200.1715516332","10871.0704271263","6652.58575467646",NA,NA,NA,NA,NA,NA,NA,NA
"12","4408.10215515443","2242.82627716907","1189.46429613876","1370.51589670476",NA,NA,NA,NA,NA,NA,NA,NA
"13","56444.4400090215","16378.7905132617","7477.73601816065","3102.60101855602",NA,NA,NA,NA,NA,NA,NA,NA
"14","5137.98061139653","3034.80152173271","1959.13718763134","1689.72574304399",NA,NA,NA,NA,NA,NA,NA,NA
"19","12810.3409590239","5814.12619960522","4360.66311375162","3061.86674969417",NA,NA,NA,NA,NA,NA,NA,NA
"21","2977.6947799302","1932.67486359485","1292.91231513696","1208.86594260559",NA,NA,NA,NA,NA,NA,NA,NA
"22","4269.21848849512","2368.69978870872","1401.83787485129","1110.81665986228",NA,NA,NA,NA,NA,NA,NA,NA
"23","4695.02428493929","2483.86416305596","1609.34622902604","1334.4045370495",NA,NA,NA,NA,NA,NA,NA,NA
"24","5739.80929074525","2544.00603765978","1452.73626539559","1110.9265999066",NA,NA,NA,NA,NA,NA,NA,NA
"25","59653.4761454036","26599.1353668948","18373.2596416256","9521.19832784577",NA,NA,NA,NA,NA,NA,NA,NA
"26","2872.18507061863","1753.7232179919","1102.02598957975","955.372048346486",NA,NA,NA,NA,NA,NA,NA,NA
"27","13142.5734470698","7260.58019223815","5459.499572192","4353.13398543673",NA,NA,NA,NA,NA,NA,NA,NA
"28","7652.44554907196","3282.16603541345","1794.38858979172","1536.42383080095",NA,NA,NA,NA,NA,NA,NA,NA
"29","18903.5828924587","9278.38483181498","5710.84767907091","4429.05297233785",NA,NA,NA,NA,NA,NA,NA,NA
"31","35813.8526369686","15998.6284561259","7603.0849590072","5161.0438473136",NA,NA,NA,NA,NA,NA,NA,NA
"32","10154.7874775508","5378.46671628104","3990.37607198572","2500.50484492748",NA,NA,NA,NA,NA,NA,NA,NA
"33","15285.8788817761","5978.56449048658","4424.89756031517","2745.8291196955",NA,NA,NA,NA,NA,NA,NA,NA
"34","5297.43977857509","3406.16339374106","2140.80296765144","1732.62854662675",NA,NA,NA,NA,NA,NA,NA,NA
"35","4247.47876673771","2496.85598583894","1573.60757747347","1305.35642187685",NA,NA,NA,NA,NA,NA,NA,NA
"36","16072.9499422462","6202.03319732204","4530.7388772494","3109.53024536336",NA,NA,NA,NA,NA,NA,NA,NA
"38","4934.47262971335","2460.97598333205","1539.23548708463","1334.21253873938",NA,NA,NA,NA,NA,NA,NA,NA
"39","4183.07256123292","2359.07203219006","1393.55562467399","1093.05369188201",NA,NA,NA,NA,NA,NA,NA,NA
"41","4055.59314184798","2140.75386970744","1317.55160774206","1048.43834547939",NA,NA,NA,NA,NA,NA,NA,NA
"43","16054.2403674091","6928.77738436934","4246.13861859812","2595.42979376468",NA,NA,NA,NA,NA,NA,NA,NA
"44","6597.87418246495","2677.4718368007","1731.21111458366","1378.15118680626",NA,NA,NA,NA,NA,NA,NA,NA
"45","5198.28385246154","2480.75278090408","1617.98888004326","1344.98026939083",NA,NA,NA,NA,NA,NA,NA,NA
"46","7665.95451925339","6092.7638964054","3182.45589683481","2038.16689323757",NA,NA,NA,NA,NA,NA,NA,NA
"48","38816.8560921141","18023.9632715888","7842.72630140616","5532.70457803622",NA,NA,NA,NA,NA,NA,NA,NA
"49","7699.88111054977","3686.51677875568","2233.97537555967","1799.65301759208",NA,NA,NA,NA,NA,NA,NA,NA
"50","4045.00149045217","1916.17771822217","1529.27436658793","1309.25610867132",NA,NA,NA,NA,NA,NA,NA,NA
"51","13671.4682996343","5731.28251802048","4234.68557503689","2612.65387415765",NA,NA,NA,NA,NA,NA,NA,NA
"52","2910.64006863733","1805.14295467763","1090.93796149173","925.733391209185",NA,NA,NA,NA,NA,NA,NA,NA
"53","29103.1570230658","11262.3788416248","4654.16207385885","3125.21247638771",NA,NA,NA,NA,NA,NA,NA,NA
"54","9366.63806180648","3670.41993629794","1099.60799583866","911.254079589167",NA,NA,NA,NA,NA,NA,NA,NA
"55","13341.3025041121","5801.51578448389","2111.77378514842","1769.88764902578",NA,NA,NA,NA,NA,NA,NA,NA
"56","4728.65165172611","2375.59117330348","1397.69634736234","1106.9098389377",NA,NA,NA,NA,NA,NA,NA,NA
"57","5615.21362605402","3395.86053882745","2142.15820931773","1768.28709300194",NA,NA,NA,NA,NA,NA,NA,NA
"59","4659.88303816457","2591.44884629544","1631.49116060547","1604.64408458821",NA,NA,NA,NA,NA,NA,NA,NA
"60","5263.64484901013","5416.02811034016","3105.8386302881","2130.96553734249",NA,NA,NA,NA,NA,NA,NA,NA
"61","4561.02059856117","2360.41732122599","1394.79255556174","1093.05369188201",NA,NA,NA,NA,NA,NA,NA,NA
"62","5202.10870112206","2476.28404852488","1423.71736676821","1127.86522682885",NA,NA,NA,NA,NA,NA,NA,NA
"63","4628.0145323758","2375.07880480884","1394.79255556174","1097.38142963242",NA,NA,NA,NA,NA,NA,NA,NA
"64","3961.01524590376","2360.11023065826","1502.32159657385","1289.36823896763",NA,NA,NA,NA,NA,NA,NA,NA
"65","5133.14622797046","3688.04493800471","1400.30212871344","1078.70919055062",NA,NA,NA,NA,NA,NA,NA,NA
"66","5576.77698042091","2835.65752201125","1590.58022988173","1468.99233863128",NA,NA,NA,NA,NA,NA,NA,NA
"67","7506.39712997602","5134.32128853822","3838.46236305522","2450.34169310591",NA,NA,NA,NA,NA,NA,NA,NA
"68","9511.47531738772","5214.32376550509","3860.13566220052","2487.73627089356",NA,NA,NA,NA,NA,NA,NA,NA
"71","3419.53763463143","1833.49538198147","1123.01619341237","966.574191691728",NA,NA,NA,NA,NA,NA,NA,NA
"72","4674.85945828404","2372.99270538084","1397.26277724505","1104.93676704828",NA,NA,NA,NA,NA,NA,NA,NA
"73","11944.6171207415","6640.48004392407","5500.48194095891","4322.5030438992",NA,NA,NA,NA,NA,NA,NA,NA
"74","4634.5834488734","1632.3336415221","691.126507417158","739.506662539268",NA,NA,NA,NA,NA,NA,NA,NA
"75","3074.01527253034","1762.72243922279","890.179944181225","865.990443358736",NA,NA,NA,NA,NA,NA,NA,NA
"76","4561.02059856117","2370.05056808793","1399.56469974506","1109.06722632977",NA,NA,NA,NA,NA,NA,NA,NA
"77","3839.28083208939","2317.85102773184","1362.29016022417","1078.94775462649",NA,NA,NA,NA,NA,NA,NA,NA
"78","11974.4833869075","4886.12284202686","2098.73306481215","1770.37320097044",NA,NA,NA,NA,NA,NA,NA,NA
"79","3468.15568582531","1270.92731153536","846.696774794719","658.448898643866",NA,NA,NA,NA,NA,NA,NA,NA
"80","9158.33067198327","3412.29789868078","1698.01474613747","1363.04026369748",NA,NA,NA,NA,NA,NA,NA,NA
"81","6867.51372041294","2980.1770514862","1787.24978092387","1536.84533415416",NA,NA,NA,NA,NA,NA,NA,NA
"82","7388.30351293776","3273.32087042928","1790.9263370771","1573.71981672166",NA,NA,NA,NA,NA,NA,NA,NA
"83","10516.5289796299","5528.61953794753","4241.95353267398","2645.79120691292",NA,NA,NA,NA,NA,NA,NA,NA
"84","10375.8108739395","3434.24542290224","1519.51501081295","1117.80412625136",NA,NA,NA,NA,NA,NA,NA,NA
"85","34872.7733935768","13765.081377193","5572.85773852852","4280.79107463905",NA,NA,NA,NA,NA,NA,NA,NA
"86","3627.80400774253","2267.56573651126","1321.77053865245","1057.52026293293",NA,NA,NA,NA,NA,NA,NA,NA
"87","17767.3744281999","8925.11941850978","5436.31971068603","4245.96308697389",NA,NA,NA,NA,NA,NA,NA,NA
"90","4628.0145323758","2387.60774000708","1394.79255556174","1101.61004648585",NA,NA,NA,NA,NA,NA,NA,NA
"91","3598.90409990477","2197.32027935099","1315.59374635357","1058.12005318976",NA,NA,NA,NA,NA,NA,NA,NA
"92","12311.2892478476","5573.57103862787","4318.47877056094","2842.97460390765",NA,NA,NA,NA,NA,NA,NA,NA
"93","3939.84099110631","2390.93779170812","1388.64519153481","1092.40694435548",NA,NA,NA,NA,NA,NA,NA,NA
"94","15723.5813387025","7543.46341807256","5395.48708694558","4349.2270915373",NA,NA,NA,NA,NA,NA,NA,NA
"95","5019.74070377318","2496.77118211886","1541.37803858377","1352.35378760515",NA,NA,NA,NA,NA,NA,NA,NA
"96","48075.9854103409","19325.2919786242","7138.9639216789","3673.7032718777",NA,NA,NA,NA,NA,NA,NA,NA
"97","6321.66307009422","3786.85691613786","2385.64915710997","1845.55971803928",NA,NA,NA,NA,NA,NA,NA,NA
"99","4746.20692739706","2386.05524977323","1402.19015683246","1108.27766874535",NA,NA,NA,NA,NA,NA,NA,NA
"100","7853.52590430305","4347.36926846369","2236.1778315759","1842.83320778426",NA,NA,NA,NA,NA,NA,NA,NA
"101","15121.1418229606","5934.70555049844","3042.55616582724","2427.53987860595",NA,NA,NA,NA,NA,NA,NA,NA
"102","3817.39770251958","2303.52265711256","1340.59749944109","1062.017561261",NA,NA,NA,NA,NA,NA,NA,NA
"103","11392.1845048841","4819.2617241535","1700.60740947236","1360.91587706468",NA,NA,NA,NA,NA,NA,NA,NA
"104","3939.84099110631","2364.45476219183","1388.64519153481","1066.51771452977",NA,NA,NA,NA,NA,NA,NA,NA
"105","3835.5310616782","1914.60901426125","1318.88304928562","1177.48536751522",NA,NA,NA,NA,NA,NA,NA,NA
"106","40771.7003886785","16276.3119006101","8804.14298398","5404.91092145539",NA,NA,NA,NA,NA,NA,NA,NA
"107","2698.20925977311","1377.30150976983","1041.35304447439","935.665367232408",NA,NA,NA,NA,NA,NA,NA,NA
"108","13634.7087901268","7878.23045106689","3580.586193979","1943.07478986578",NA,NA,NA,NA,NA,NA,NA,NA
"109","6119.71936631721","3089.82251635652","1982.98368444144","1780.7468652124",NA,NA,NA,NA,NA,NA,NA,NA
"110","5554.66691853403","3253.84670213805","2010.30932866006","1740.56148564202",NA,NA,NA,NA,NA,NA,NA,NA
"111","3598.90409990477","1941.49801399086","1303.20842756943","1058.41033842328",NA,NA,NA,NA,NA,NA,NA,NA
"112","7723.21707134282","4345.17987937331","2897.68876164627","2390.55828265162",NA,NA,NA,NA,NA,NA,NA,NA
"113","7956.3302225808","3290.94722735598","1793.70958740108","1535.55291635103",NA,NA,NA,NA,NA,NA,NA,NA
"114","4674.85945828404","2371.98464824976","1396.73404853405","1104.31043896264",NA,NA,NA,NA,NA,NA,NA,NA
"115","15005.8757841338","8998.17898073079","6007.82579991002","4842.01475090021",NA,NA,NA,NA,NA,NA,NA,NA
"117","13661.4592175367","7044.91319507339","2501.21651072467","1857.88253572038",NA,NA,NA,NA,NA,NA,NA,NA
"118","4428.44984618369","2470.89136377678","1610.85780768596","1307.51147299955",NA,NA,NA,NA,NA,NA,NA,NA
"119","3838.99713499199","2272.74080349978","1451.83495058051","1287.9643197792",NA,NA,NA,NA,NA,NA,NA,NA
"120","28026.3370036433","10768.9245716855","4369.62054175189","2692.31704861162",NA,NA,NA,NA,NA,NA,NA,NA
"122","4561.02059856117","2361.6627424083","1403.61328889411","1111.44667805962",NA,NA,NA,NA,NA,NA,NA,NA
"124","80804.4135118467","38601.2125937345","13401.0411613256","8055.97758369638",NA,NA,NA,NA,NA,NA,NA,NA
"126","3212.45249543468","1401.32828840002","1297.61158416158","1322.58188741441",NA,NA,NA,NA,NA,NA,NA,NA
"127","9867.12303007393","3371.30260180655","2009.99432494993","1335.84093659471",NA,NA,NA,NA,NA,NA,NA,NA
"128","4965.31333255831","2534.35757491181","1462.04777467608","1294.75288394615",NA,NA,NA,NA,NA,NA,NA,NA
"129","19582.6144381276","9086.93924243406","4295.55069337349","2584.13731118256",NA,NA,NA,NA,NA,NA,NA,NA
"130","18119.3087802843","9335.18410000609","5708.16258621514","4461.25869450585",NA,NA,NA,NA,NA,NA,NA,NA
"131","3942.63392029478","2354.08541494257","1388.11972374586","1065.91316409905",NA,NA,NA,NA,NA,NA,NA,NA
"132","5455.73460104343","2504.50613579601","1670.343525623","1373.36848314976",NA,NA,NA,NA,NA,NA,NA,NA
"133","9547.6609691959","4851.89703940229","1911.2648223145","1670.63949699377",NA,NA,NA,NA,NA,NA,NA,NA
"134","4284.80793870722","1873.92611345721","1563.96357435692","1449.9268431385",NA,NA,NA,NA,NA,NA,NA,NA
"135","7372.01563308091","5611.27004376181","2734.92057702052","2052.85170736087",NA,NA,NA,NA,NA,NA,NA,NA
"136","18027.1857107701","9377.00893541825","5708.16258621514","4462.48259865364",NA,NA,NA,NA,NA,NA,NA,NA
"137","26404.9853836017","15588.9748335036","11878.3965043233","5840.66373915396",NA,NA,NA,NA,NA,NA,NA,NA
"138","19550.0906998893","8259.84618743065","5529.44045486469","4465.24577859415",NA,NA,NA,NA,NA,NA,NA,NA
"139","3248.44637872308","2300.14085669036","1405.69924742131","1140.22038194348",NA,NA,NA,NA,NA,NA,NA,NA
"140","4254.59177524722","2360.25203739563","1393.55562467399","1093.35356082906",NA,NA,NA,NA,NA,NA,NA,NA
"141","4561.02059856117","2359.4146061702","1394.26476159054","1092.43409966031",NA,NA,NA,NA,NA,NA,NA,NA
"142","8836.66736145998","3905.41376051059","2073.61222626049","1762.4419033579",NA,NA,NA,NA,NA,NA,NA,NA
"143","3627.80400774253","2266.41738462999","1316.81728954517","1057.81038361967",NA,NA,NA,NA,NA,NA,NA,NA
"144","6181.66338103211","3055.74999022647","1986.49561119744","1752.02425139072",NA,NA,NA,NA,NA,NA,NA,NA
"145","92767.8321637389","48409.3827386573","16641.0208988899","9972.08415236802",NA,NA,NA,NA,NA,NA,NA,NA
"146","4345.52188334189","2210.40056989432","1335.72378353209","1025.60788011645",NA,NA,NA,NA,NA,NA,NA,NA
"147","4909.61883599721","3289.83567327033","2059.24711805005","1716.24152614856",NA,NA,NA,NA,NA,NA,NA,NA
"148","33477.4144566091","14562.7696623651","6170.53347432889","4931.8810893002",NA,NA,NA,NA,NA,NA,NA,NA
"149","19082.3727419501","9355.54682954939","5714.27121420701","4462.48259865364",NA,NA,NA,NA,NA,NA,NA,NA
"150","11869.293519405","5785.64478477619","4208.50004893232","2618.22716056444",NA,NA,NA,NA,NA,NA,NA,NA
"151","6271.26446437082","3429.48818542716","2147.85680302485","1787.5109322312",NA,NA,NA,NA,NA,NA,NA,NA
"152","32366.1989678367","11352.706845452","4658.71611754914","3135.81354339962",NA,NA,NA,NA,NA,NA,NA,NA
"153","4903.14300226077","2434.46389511225","1480.25238881258","1215.05744424685",NA,NA,NA,NA,NA,NA,NA,NA
"155","7194.18471978683","3487.62360786978","1983.42705136549","1691.96242271576",NA,NA,NA,NA,NA,NA,NA,NA
"156","4179.8196091931","2368.45678679908","1393.55562467399","1093.05369188201",NA,NA,NA,NA,NA,NA,NA,NA
"157","8234.70743989382","3855.10798228019","2068.82806714873","1761.44287165193",NA,NA,NA,NA,NA,NA,NA,NA
"159","12592.5887154725","6158.12298897446","2137.8366842428","1821.60206837577",NA,NA,NA,NA,NA,NA,NA,NA
"160","28895.6575283948","11423.9188915155","6755.04248643743","5263.70327724469",NA,NA,NA,NA,NA,NA,NA,NA
"161","44942.7272247268","18076.5679601673","7649.27286666446","5196.7532720464",NA,NA,NA,NA,NA,NA,NA,NA
"162","3150.28322505857","1304.62399184428","577.663658779233","598.602379990144",NA,NA,NA,NA,NA,NA,NA,NA
"163","3817.39770251958","2303.28658607739","1341.10497786089","1062.32846246477",NA,NA,NA,NA,NA,NA,NA,NA
"164","4962.46748634657","2960.13912661689","1905.93429696363","1683.9701403934",NA,NA,NA,NA,NA,NA,NA,NA
"165","3057.01508860068","1265.70832495242","882.756426433045","720.868288611509",NA,NA,NA,NA,NA,NA,NA,NA
"166","21425.7860808316","9571.98545960031","6350.22824911697","2975.52264746593",NA,NA,NA,NA,NA,NA,NA,NA
"167","5691.27844875252","2916.60825321461","1853.8173624497","1478.48439558632",NA,NA,NA,NA,NA,NA,NA,NA
"168","14182.6084845842","9092.16435852185","6898.60925107279","4883.36402843754",NA,NA,NA,NA,NA,NA,NA,NA
"169","4022.91622687931","2393.96724151765","1393.02829876141","1106.19701624613",NA,NA,NA,NA,NA,NA,NA,NA
"170","4284.80793870722","1873.92611345721","1563.96357435692","1449.9268431385",NA,NA,NA,NA,NA,NA,NA,NA
"171","6024.89117629839","3306.66911735657","2012.85536588487","1783.82397181497",NA,NA,NA,NA,NA,NA,NA,NA
"172","3766.46659911912","2305.24461927789","1393.73267323877","1161.66334548452",NA,NA,NA,NA,NA,NA,NA,NA
"173","4305.04741206993","1465.07320058497","1076.19136303572","824.150202783697",NA,NA,NA,NA,NA,NA,NA,NA
"174","4032.0172554915","2129.98659712815","1445.51598664253","1263.00023703369",NA,NA,NA,NA,NA,NA,NA,NA
"175","6847.18227429484","2566.53418776491","1494.48028462984","1100.32556963485",NA,NA,NA,NA,NA,NA,NA,NA
"177","11954.4870604191","6437.86540607774","3139.52986060208","2204.82960095331",NA,NA,NA,NA,NA,NA,NA,NA
"178","4798.17775700411","3120.80590976772","1897.84342597744","1685.39595515475",NA,NA,NA,NA,NA,NA,NA,NA
"180","6336.29184760887","3410.69717225373","1507.37549739192","1325.27755775144",NA,NA,NA,NA,NA,NA,NA,NA
"181","4717.83670684571","2629.27844967917","1660.65641719207","1607.47979573299",NA,NA,NA,NA,NA,NA,NA,NA
"182","2698.20925977311","933.2144150697","456.151628249361","457.676762242804",NA,NA,NA,NA,NA,NA,NA,NA
"183","13234.0297566689","7495.95931385043","5774.09685268249","4826.86146678934",NA,NA,NA,NA,NA,NA,NA,NA
"184","17102.2389092231","9043.76214664967","5147.04132316106","3558.66277276268",NA,NA,NA,NA,NA,NA,NA,NA
"186","26615.49645071","10751.4437572708","4369.62054175189","2688.7839161908",NA,NA,NA,NA,NA,NA,NA,NA
"187","27691.427788296","18905.4729743129","11022.1724856476","7636.91448064001",NA,NA,NA,NA,NA,NA,NA,NA
"188","43570.5480379978","18009.7832227814","7652.16847172761","5178.55067991781",NA,NA,NA,NA,NA,NA,NA,NA
"189","5235.32511445763","3253.56119226561","2009.79801552019","1706.4293236459",NA,NA,NA,NA,NA,NA,NA,NA
"190","3948.93033043959","2359.10680206568","1392.67398827635","1071.30544499561",NA,NA,NA,NA,NA,NA,NA,NA
"191","2914.40768292502","1773.88244629731","1118.11065570395","932.427684063703",NA,NA,NA,NA,NA,NA,NA,NA
"192","4901.35828503906","3486.4706039261","2212.19382714725","1761.68929509619",NA,NA,NA,NA,NA,NA,NA,NA
"193","81776.8962274142","27187.2559361498","13282.3652187667","8225.21389885356",NA,NA,NA,NA,NA,NA,NA,NA
"194","3885.57832692221","2349.56674893914","1378.01938869813","1065.93975684749",NA,NA,NA,NA,NA,NA,NA,NA
"195","29102.592933998","12608.2466482212","5808.49472836615","4480.10606617499",NA,NA,NA,NA,NA,NA,NA,NA
"196","5869.45824548359","2985.3557410863","1454.16850487447","1111.50679407599",NA,NA,NA,NA,NA,NA,NA,NA
"197","25415.0281840376","10238.9364108351","5611.72720417442","4370.97750561872",NA,NA,NA,NA,NA,NA,NA,NA
"198","35554.3695890749","17443.6851712009","6415.45171795977","4941.75687908672",NA,NA,NA,NA,NA,NA,NA,NA
"199","4740.54039415361","2411.75525609997","1401.65956358525","1127.59130099339",NA,NA,NA,NA,NA,NA,NA,NA
"200","4795.35641958702","2561.2119704797","1713.79319225855","1495.712815628",NA,NA,NA,NA,NA,NA,NA,NA
"201","3830.95513770635","2306.53209208088","1355.86676163305","1062.49200002811",NA,NA,NA,NA,NA,NA,NA,NA
"202","6896.73609108501","3416.61717504033","2081.99164043989","1770.02535326748",NA,NA,NA,NA,NA,NA,NA,NA
"203","12173.9595691287","7076.36175074022","5209.72217797183","4136.93569403812",NA,NA,NA,NA,NA,NA,NA,NA
"204","104340.024186307","39875.1626711747","13654.5573648436","9048.27428221072",NA,NA,NA,NA,NA,NA,NA,NA
"205","7732.42792564248","3838.7324820726","2066.61646385453","1761.92610685176",NA,NA,NA,NA,NA,NA,NA,NA
"206","12676.9202189349","4807.97052779323","1764.7662107156","1383.34368896064",NA,NA,NA,NA,NA,NA,NA,NA
"207","22049.3256705809","10529.6769807829","4321.50915046344","2650.34411400835",NA,NA,NA,NA,NA,NA,NA,NA
"208","7717.10268660694","3241.42636664567","1701.85248480525","1442.78182761724",NA,NA,NA,NA,NA,NA,NA,NA
"209","44942.7272247268","18155.6963676724","7652.16847172761","5201.12718607813",NA,NA,NA,NA,NA,NA,NA,NA
"210","13548.7487880206","7320.25277362039","4617.99533012301","3286.98912414667",NA,NA,NA,NA,NA,NA,NA,NA
"211","3598.90409990477","1758.04593412683","1273.00440374813","1064.32713228694",NA,NA,NA,NA,NA,NA,NA,NA
"212","4184.80301286276","2360.49419750407","1401.83787485129","1111.12140191167",NA,NA,NA,NA,NA,NA,NA,NA
"215","23770.5195189155","9018.21882654353","6387.39670103112","5084.5416522668",NA,NA,NA,NA,NA,NA,NA,NA
"217","3598.90409990477","1733.80976564027","1273.00440374813","1050.42847548996",NA,NA,NA,NA,NA,NA,NA,NA
"218","28038.9757727727","10768.9245716855","4369.62054175189","2692.31704861162",NA,NA,NA,NA,NA,NA,NA,NA
"220","5549.37293264194","3268.17934535319","2011.0703241131","1741.54867412161",NA,NA,NA,NA,NA,NA,NA,NA
"221","6982.75300516215","3125.53839398924","1688.03245010607","1361.89400814135",NA,NA,NA,NA,NA,NA,NA,NA
"222","6343.42600723732","3421.09297130883","2149.33659804169","1791.22708912985",NA,NA,NA,NA,NA,NA,NA,NA
"223","5837.25453459697","2806.24084958105","1412.40123098617","1073.28048946312",NA,NA,NA,NA,NA,NA,NA,NA
"224","3598.90409990477","1904.54505107567","1303.20842756943","1058.41033842328",NA,NA,NA,NA,NA,NA,NA,NA
"225","26677.6095689338","10820.9950974126","4631.42346449934","3125.21247638771",NA,NA,NA,NA,NA,NA,NA,NA
"226","3757.33310169607","2297.59526862696","1340.59749944109","1061.72628669141",NA,NA,NA,NA,NA,NA,NA,NA
"227","5165.77001092847","3721.04456179978","1863.3881333484","1290.01366901642",NA,NA,NA,NA,NA,NA,NA,NA
"228","4561.02059856117","2361.66249177802","1394.79255556174","1093.35356082906",NA,NA,NA,NA,NA,NA,NA,NA
"229","3598.90409990477","2125.57566809543","1314.60454027129","1058.12005318976",NA,NA,NA,NA,NA,NA,NA,NA
"230","4728.65165172611","2387.24875195421","1398.22544034814","1107.53764131639",NA,NA,NA,NA,NA,NA,NA,NA
"231","5238.59917208459","1709.53288738863","1051.89248447673","817.350474663009",NA,NA,NA,NA,NA,NA,NA,NA
"232","17338.4071705754","7583.06357183458","5419.76857491253","4243.74674152315",NA,NA,NA,NA,NA,NA,NA,NA
"233","4566.49964625086","2395.81489431776","1403.61328889411","1117.81630196752",NA,NA,NA,NA,NA,NA,NA,NA
"234","3948.93033043959","2365.22414353009","1392.1469959778","1070.69818066293",NA,NA,NA,NA,NA,NA,NA,NA
"235","10745.5406194631","4889.54888679831","2526.03442513206","2037.38799679319",NA,NA,NA,NA,NA,NA,NA,NA
"236","4170.13757588094","2378.75025104228","1569.23784573914","1311.57330154993",NA,NA,NA,NA,NA,NA,NA,NA
"237","17439.6861362285","7333.28765487972","4549.43846078624","3110.30095156659",NA,NA,NA,NA,NA,NA,NA,NA
"238","21057.9120234186","9749.6710868286","3393.99006383786","2078.04099453707",NA,NA,NA,NA,NA,NA,NA,NA
"239","5254.26683567954","8049.05864852501","4230.18297587429","3027.88621687258",NA,NA,NA,NA,NA,NA,NA,NA
"240","5198.28385246154","2480.75278090408","1617.98888004326","1345.34925201281",NA,NA,NA,NA,NA,NA,NA,NA
"241","5869.45824548359","2987.542076776","1459.14379797052","1127.79067149945",NA,NA,NA,NA,NA,NA,NA,NA
"242","29001.0613428125","10497.5779629407","5814.73637570121","2917.56309264534",NA,NA,NA,NA,NA,NA,NA,NA
"243","4185.81207652475","2359.07203219006","1393.55562467399","1093.35356082906",NA,NA,NA,NA,NA,NA,NA,NA
"244","3775.42448876655","2321.42335048453","1395.55697129654","1161.66334548452",NA,NA,NA,NA,NA,NA,NA,NA
"245","26793.9497560891","10590.226692962","4369.62054175189","2625.06174276669",NA,NA,NA,NA,NA,NA,NA,NA
"246","3623.47274441476","2304.27883805165","1330.63299312311","1102.04279790966",NA,NA,NA,NA,NA,NA,NA,NA
"247","15121.1418229606","5958.31473008612","3042.55616582724","2427.53987860595",NA,NA,NA,NA,NA,NA,NA,NA
"248","23170.8904182831","11762.1350279152","7493.48608715525","5199.36168037336",NA,NA,NA,NA,NA,NA,NA,NA
"249","11725.5925739398","5810.04063125542","4356.79598750769","3061.23847289163",NA,NA,NA,NA,NA,NA,NA,NA
"250","5812.30809062702","3173.30887382293","1675.64448806641","1543.93086263054",NA,NA,NA,NA,NA,NA,NA,NA
"251","5847.61925642963","2969.21857175988","1453.61824285385","1110.87674180217",NA,NA,NA,NA,NA,NA,NA,NA
"252","32354.446490408","14117.466922563","5828.82664839497","4449.94579516662",NA,NA,NA,NA,NA,NA,NA,NA
"254","4928.99439515136","3523.09015077774","2212.19382714725","1761.20612484562",NA,NA,NA,NA,NA,NA,NA,NA
"255","5977.63859434847","2648.69727889397","1524.1951251584","1124.01375646709",NA,NA,NA,NA,NA,NA,NA,NA
"256","8380.59185714879","4072.54847371778","2239.51656325618","1842.62072244044",NA,NA,NA,NA,NA,NA,NA,NA
"257","5129.07997007254","3217.59976021216","1954.71605581402","1696.34018851924",NA,NA,NA,NA,NA,NA,NA,NA
"258","4183.07256123292","2360.0183460498","1393.55562467399","1093.05369188201",NA,NA,NA,NA,NA,NA,NA,NA
"260","10984.8283779513","5460.5591386093","4090.43452744469","2570.62074397889",NA,NA,NA,NA,NA,NA,NA,NA
"261","35262.5792482532","18712.8997399823","9317.77677364037","5374.91711274198",NA,NA,NA,NA,NA,NA,NA,NA
"262","44414.7858322793","19160.4958034524","10973.8503660898","6426.83527104199",NA,NA,NA,NA,NA,NA,NA,NA
"263","2953.82014889421","1281.35542297649","691.285762994341","562.119151176385",NA,NA,NA,NA,NA,NA,NA,NA
"264","3885.57832692221","2348.39208583086","1378.01938869813","1065.64740655573",NA,NA,NA,NA,NA,NA,NA,NA
"265","3817.39770251958","2311.46707943376","1340.59749944109","1061.72628669141",NA,NA,NA,NA,NA,NA,NA,NA
"266","6193.56227390876","2680.01774932289","1774.90252313726","1536.04311800318",NA,NA,NA,NA,NA,NA,NA,NA
"267","10354.1495016995","5449.01658373603","4074.47879776266","2506.7922200559",NA,NA,NA,NA,NA,NA,NA,NA
"268","24838.1298002883","10007.0512901408","5588.08575402037","4458.76785040346",NA,NA,NA,NA,NA,NA,NA,NA
"269","31829.7302692031","14408.3731800349","6364.15440160612","4943.20355776555",NA,NA,NA,NA,NA,NA,NA,NA
"270","7807.73063129568","4037.53978471933","2442.8013645463","1893.98696848426",NA,NA,NA,NA,NA,NA,NA,NA
"271","24013.9223593598","8746.09775246901","4493.55001505448","2753.13133676562",NA,NA,NA,NA,NA,NA,NA,NA
"272","17465.3446422259","8345.21464969522","5543.83026504802","4358.98558230022",NA,NA,NA,NA,NA,NA,NA,NA
"273","55399.3890865961","24039.5003360372","9046.91730292424","5514.04406016416",NA,NA,NA,NA,NA,NA,NA,NA
"274","17316.0659305607","6242.9279194344","3757.87791639901","2726.95049484337",NA,NA,NA,NA,NA,NA,NA,NA
"275","4174.40348415528","2796.98944090453","1876.69775935387","1659.88568759176",NA,NA,NA,NA,NA,NA,NA,NA
"277","32247.6786366022","13752.0754070949","5567.41009222841","4271.92530214324",NA,NA,NA,NA,NA,NA,NA,NA
"279","4172.02880942674","2385.73636083594","1593.56292725865","1312.76635071426",NA,NA,NA,NA,NA,NA,NA,NA
"280","4700.45929530164","2485.10658914654","1615.94230482095","1339.65142742195",NA,NA,NA,NA,NA,NA,NA,NA
"282","7752.52673286953","4097.15679093266","2097.74799012898","1769.94591497794",NA,NA,NA,NA,NA,NA,NA,NA
"283","5678.89451851268","6048.78035513804","2850.24118494118","1670.76340283885",NA,NA,NA,NA,NA,NA,NA,NA
"284","17816.0278382322","7417.85800823535","4558.23352138407","3110.30095156659",NA,NA,NA,NA,NA,NA,NA,NA
"285","37369.2720583219","14581.5545937914","7127.99063051146","5168.81496124777",NA,NA,NA,NA,NA,NA,NA,NA
"287","13001.6725614402","5207.92653930202","1842.04738959796","1692.26221053961",NA,NA,NA,NA,NA,NA,NA,NA
"288","5513.72661248578","4060.58056534734","2764.29509185301","2301.96419080774",NA,NA,NA,NA,NA,NA,NA,NA
"289","14292.5384954506","7240.54266147758","5225.55850842396","4332.22225477609",NA,NA,NA,NA,NA,NA,NA,NA
"290","32800.1040932391","14537.6886139015","6168.19852469513","4929.08547625394",NA,NA,NA,NA,NA,NA,NA,NA
"291","3598.90409990477","1948.4469720416","1307.66722575593","1073.62180031112",NA,NA,NA,NA,NA,NA,NA,NA
"292","14300.697311764","7296.69710345874","5335.80987699189","4355.4445748821",NA,NA,NA,NA,NA,NA,NA,NA
"293","5314.78540358086","2504.63578063868","1656.40557009745","1370.80373281557",NA,NA,NA,NA,NA,NA,NA,NA
"294","19929.5972063421","5258.73854172117","2759.09797743165","1661.01708947389",NA,NA,NA,NA,NA,NA,NA,NA
"295","2698.20925977311","974.022838123174","784.787542516592","628.657874003056",NA,NA,NA,NA,NA,NA,NA,NA
"296","4180.81460303797","2368.63485272916","1393.02829876141","1092.73379862809",NA,NA,NA,NA,NA,NA,NA,NA
"297","15008.5923226327","11129.4433094336","7085.99338207129","4848.82325612371",NA,NA,NA,NA,NA,NA,NA,NA
"298","16712.2348605582","7124.3918898906","5261.46276073668","4471.08867765655",NA,NA,NA,NA,NA,NA,NA,NA
"299","4673.08413263102","2616.18857857055","1658.32210187753","1605.63367779106",NA,NA,NA,NA,NA,NA,NA,NA
"300","7706.64428489798","4386.71682500515","2896.59226693621","2420.05872047616",NA,NA,NA,NA,NA,NA,NA,NA
"301","2721.10992449794","1222.51518013633","634.975044922397","559.747376504248",NA,NA,NA,NA,NA,NA,NA,NA
"302","2960.63470656884","1300.16513773778","693.553793753488","566.903252302751",NA,NA,NA,NA,NA,NA,NA,NA
"303","19681.3019641384","8403.10918445464","3095.46583658512","2442.3832277754",NA,NA,NA,NA,NA,NA,NA,NA
"304","6999.38355955213","3159.3647761763","1725.71010204061","1375.71636893375",NA,NA,NA,NA,NA,NA,NA,NA
"306","6128.30090773697","3275.92469873452","2012.0936949663","1746.87305842133",NA,NA,NA,NA,NA,NA,NA,NA
"307","16473.6735597914","7893.0789162986","5791.86562965797","4813.3168143681",NA,NA,NA,NA,NA,NA,NA,NA
"308","15005.7963807658","7554.86625389755","5812.0727185711","4896.86542687887",NA,NA,NA,NA,NA,NA,NA,NA
"309","17726.248527316","9048.43147604303","5549.29587691365","4358.98558230022",NA,NA,NA,NA,NA,NA,NA,NA
"310","4738.53942608439","2663.36544277261","1749.89050050339","1570.73383521385",NA,NA,NA,NA,NA,NA,NA,NA
"313","2698.20925977311","927.421136165226","442.615724640302","443.242759504937",NA,NA,NA,NA,NA,NA,NA,NA
"314","37524.8136977174","17666.4140475137","6417.88026441127","5069.85073779754",NA,NA,NA,NA,NA,NA,NA,NA
"315","32800.1040932391","14564.9444941755","6170.53347432889","4931.8810893002",NA,NA,NA,NA,NA,NA,NA,NA
"316","15763.911100547","7643.78712158502","5539.47343717457","4417.43949288914",NA,NA,NA,NA,NA,NA,NA,NA
"318","4571.45844627474","2202.97664011813","1450.65130051646","1280.12074723033",NA,NA,NA,NA,NA,NA,NA,NA
"319","3885.57832692221","2349.63116216781","1386.73404773906","1083.579222865",NA,NA,NA,NA,NA,NA,NA,NA
"320","8753.5726056535","4745.15371660211","2452.55864202915","1850.57415238232",NA,NA,NA,NA,NA,NA,NA,NA
"321","3469.76505040837","1264.11446245106","485.449357425354","463.172290833674",NA,NA,NA,NA,NA,NA,NA,NA
"322","24931.3488512641","10028.7127046823","5740.19596075767","4425.41020003368",NA,NA,NA,NA,NA,NA,NA,NA
"323","4144.79620761109","2439.48884652609","1520.14986520279","1295.68060518132",NA,NA,NA,NA,NA,NA,NA,NA
"324","4185.81207652475","2358.06988861862","1393.02829876141","1092.43409966031",NA,NA,NA,NA,NA,NA,NA,NA
"326","7015.42489100851","3231.72249739","1789.01181423702","1536.42383080095",NA,NA,NA,NA,NA,NA,NA,NA
"327","3610.20427467464","2640.25615888203","1621.74877304477","1161.97019225674",NA,NA,NA,NA,NA,NA,NA,NA
"328","6803.8662812561","3125.53839398924","1662.34192805771","1354.42245268677",NA,NA,NA,NA,NA,NA,NA,NA
"329","43643.8854385905","19449.4353080304","9769.95923079659","5829.8339113025",NA,NA,NA,NA,NA,NA,NA,NA
"330","10516.5289796299","5528.61953794753","4241.95353267398","2645.79120691292",NA,NA,NA,NA,NA,NA,NA,NA
"331","4284.80793870722","1873.92611345721","1563.96357435692","1450.32461686085",NA,NA,NA,NA,NA,NA,NA,NA
"332","5878.2926814216","2988.72980053778","1454.16850487447","1111.81172545718",NA,NA,NA,NA,NA,NA,NA,NA
"333","3885.57832692221","2356.73277863583","1377.49794174701","1065.0433494549",NA,NA,NA,NA,NA,NA,NA,NA
"334","2900.55189318209","1268.40105333242","664.847347252065","532.750620541443",NA,NA,NA,NA,NA,NA,NA,NA
"335","20876.089955629","10233.1366854017","4311.96000310398","2584.13731118256",NA,NA,NA,NA,NA,NA,NA,NA
"336","43570.5480379978","17994.9141451689","7649.27286666446","5175.61524340194",NA,NA,NA,NA,NA,NA,NA,NA
"337","6261.02634659337","3083.23915535798","1604.15308724754","1351.06865689182",NA,NA,NA,NA,NA,NA,NA,NA
"338","4183.07256123292","2369.64148624846","1393.55562467399","1093.95343801531",NA,NA,NA,NA,NA,NA,NA,NA
"339","133060.56148236","50059.4762518516","17856.3564859253","10508.6245976967",NA,NA,NA,NA,NA,NA,NA,NA
"340","3757.33310169607","2297.59526862696","1340.59749944109","1062.017561261",NA,NA,NA,NA,NA,NA,NA,NA
"341","6416.50834828089","3731.94144816995","2349.52172681839","1842.66267914635",NA,NA,NA,NA,NA,NA,NA,NA
"342","5206.23068307914","3382.17777888552","2118.27608014518","1724.42353742539",NA,NA,NA,NA,NA,NA,NA,NA
"343","21661.6865928059","23584.9109301568","12890.2024884283","8824.11463439114",NA,NA,NA,NA,NA,NA,NA,NA
"344","4728.65165172611","2380.29912003913","1402.57411158341","1124.40073071001",NA,NA,NA,NA,NA,NA,NA,NA
"345","4705.80330331655","2411.75525609997","1396.73404853405","1130.80677800051",NA,NA,NA,NA,NA,NA,NA,NA
"346","3918.68743976379","1787.02850123785","889.74735986913","577.033734744127",NA,NA,NA,NA,NA,NA,NA,NA
"347","18888.5352862953","9173.68306797922","5565.97397718072","4358.98558230022",NA,NA,NA,NA,NA,NA,NA,NA
"348","3598.90409990477","1833.21361529813","1294.92479064663","1073.62180031112",NA,NA,NA,NA,NA,NA,NA,NA
"349","5855.25685675725","3534.9272564623","2277.57688885108","1833.52877075723",NA,NA,NA,NA,NA,NA,NA,NA
"350","7772.98803011957","3882.29245635183","2067.39877417352","1769.71861680933",NA,NA,NA,NA,NA,NA,NA,NA
"352","18888.5352862953","9187.01615093354","5568.08095685194","4362.6543784128",NA,NA,NA,NA,NA,NA,NA,NA
"353","3598.90409990477","1860.13324453748","1290.50944078202","1083.80543362649",NA,NA,NA,NA,NA,NA,NA,NA
"354","3170.72384584679","1845.52133277048","1314.07920891791","1070.61647690419",NA,NA,NA,NA,NA,NA,NA,NA
"355","25295.7413333151","9181.99336860195","4612.28412409355","3120.34118997637",NA,NA,NA,NA,NA,NA,NA,NA
"356","28256.2184626559","10654.9703874541","4369.62054175189","2629.23224976729",NA,NA,NA,NA,NA,NA,NA,NA
"357","3004.91759507663","1272.90414439018","663.26107220573","617.496826305303",NA,NA,NA,NA,NA,NA,NA,NA
"358","10116.2597604671","4226.344693889","1633.2765601675","1356.77648395828",NA,NA,NA,NA,NA,NA,NA,NA
"359","11907.5090580585","6736.21008188094","4225.4764175581","2704.95911433561",NA,NA,NA,NA,NA,NA,NA,NA
"361","13422.6679530043","3970.63767220366","2634.62517762595","1558.51053919178",NA,NA,NA,NA,NA,NA,NA,NA
"363","19432.5614573344","9186.85097167199","5568.08095685194","4361.45785368221",NA,NA,NA,NA,NA,NA,NA,NA
"365","20001.0256370582","5982.0540532077","2876.85404520637","1892.15296493229",NA,NA,NA,NA,NA,NA,NA,NA
"366","28659.1964403105","12295.0577563784","6310.56971303256","4922.40797986775",NA,NA,NA,NA,NA,NA,NA,NA
"367","32366.1989678367","11297.3154880971","4658.71611754914","3135.81354339962",NA,NA,NA,NA,NA,NA,NA,NA
"368","3228.20296651257","1292.56683786741","559.422483256343","555.228242291201",NA,NA,NA,NA,NA,NA,NA,NA
"369","6417.87626648981","3019.32422902247","1467.76279584588","1130.21029350296",NA,NA,NA,NA,NA,NA,NA,NA
"370","4272.3858782069","1906.52035983371","925.35890036209","612.962073037412",NA,NA,NA,NA,NA,NA,NA,NA
"371","6896.08783292893","3755.96842957891","2287.10282460243","1932.95085097854",NA,NA,NA,NA,NA,NA,NA,NA
"373","4407.13709072938","2308.94811384341","1164.92815097654","992.824423342886",NA,NA,NA,NA,NA,NA,NA,NA
"374","28794.4217609423","13396.1078400796","5655.3448522927","4381.08517881344",NA,NA,NA,NA,NA,NA,NA,NA
"375","13917.1208488128","6585.94330928277","2288.36776443035","1805.73614716992",NA,NA,NA,NA,NA,NA,NA,NA
"376","4978.33377175787","3155.7901551448","2460.89795223301","2068.30917550775",NA,NA,NA,NA,NA,NA,NA,NA
"377","13125.0971183659","6926.95576126201","4234.03919703181","2635.73095395258",NA,NA,NA,NA,NA,NA,NA,NA
"378","8648.589022809","5336.97660571382","4043.86630237727","2529.11061446731",NA,NA,NA,NA,NA,NA,NA,NA
"379","3345.76220054464","1328.67393133266","927.579810927879","735.794250633012",NA,NA,NA,NA,NA,NA,NA,NA
"380","3619.19637486296","2253.65072905704","1315.59374635357","1058.12005318976",NA,NA,NA,NA,NA,NA,NA,NA
"381","12192.1589094963","6836.68182322127","4221.35215779083","2635.73095395258",NA,NA,NA,NA,NA,NA,NA,NA
"383","5199.26127577784","2491.8674065663","1653.47720971869","1357.78265346009",NA,NA,NA,NA,NA,NA,NA,NA
"384","25938.5812701003","10344.7563985792","4519.84845670575","2758.99327959852",NA,NA,NA,NA,NA,NA,NA,NA
"385","3812.71394752368","2541.78939527143","1717.25001756396","1489.43051878243",NA,NA,NA,NA,NA,NA,NA,NA
"386","20730.9792825661","10225.9837343572","4310.3283436256","2583.38103717774",NA,NA,NA,NA,NA,NA,NA,NA
"387","5814.26146081004","3689.37266250736","2343.28808512109","1819.35202071298",NA,NA,NA,NA,NA,NA,NA,NA
"388","10861.6873575549","5480.39383575267","3023.72410509304","2429.58304867421",NA,NA,NA,NA,NA,NA,NA,NA
"389","11140.081017637","5531.4544758716","4244.63891393552","2700.2431946944",NA,NA,NA,NA,NA,NA,NA,NA
"390","3838.99713499199","2313.33371063363","1451.2855715843","1286.17552921196",NA,NA,NA,NA,NA,NA,NA,NA
"391","31483.4907465674","11492.6836636953","8111.71103915444","5595.40880888971",NA,NA,NA,NA,NA,NA,NA,NA
"392","13298.8809665283","6166.1623409704","2133.20748812741","1778.43145797016",NA,NA,NA,NA,NA,NA,NA,NA
"393","3925.08450061955","1829.5517348063","1182.74390924317","970.176374514161",NA,NA,NA,NA,NA,NA,NA,NA
"394","3662.5194756873","2286.15986492936","1339.11188123692","1061.33326185705",NA,NA,NA,NA,NA,NA,NA,NA
"395","36712.0010094307","11548.4203841178","4166.44750172113","2289.51171470263",NA,NA,NA,NA,NA,NA,NA,NA
"396","8150.01098310813","4140.28254972035","2132.29908953583","1802.40330116385",NA,NA,NA,NA,NA,NA,NA,NA
"397","9385.39174039011","4745.24485855217","2784.29832858915","2339.62258427698",NA,NA,NA,NA,NA,NA,NA,NA
"398","13629.8967798488","6138.14403929092","5164.7355758278","4174.21170009684",NA,NA,NA,NA,NA,NA,NA,NA
"399","25256.0489018094","9622.98394977569","4519.01709938068","2791.21963532689",NA,NA,NA,NA,NA,NA,NA,NA
"400","5044.1133298973","2462.73812516615","1541.37803858377","1345.87480888022",NA,NA,NA,NA,NA,NA,NA,NA
"401","4131.97821843511","1917.85166480073","1537.30510705843","1311.57330154993",NA,NA,NA,NA,NA,NA,NA,NA
"402","5510.05329908651","2558.00369954013","1715.9636946787","1515.97925265949",NA,NA,NA,NA,NA,NA,NA,NA
"404","22863.5151312096","11764.5353461399","7464.68620663681","5158.8114574375",NA,NA,NA,NA,NA,NA,NA,NA
"405","4324.57869223139","1510.71827195753","885.503513996612","661.067738661269",NA,NA,NA,NA,NA,NA,NA,NA
"406","3442.10672722205","2103.32607312575","1306.05344520019","1033.25991330232",NA,NA,NA,NA,NA,NA,NA,NA
"407","3598.90409990477","2232.42195584529","1315.59374635357","1058.41033842328",NA,NA,NA,NA,NA,NA,NA,NA
"408","10713.5633051015","5556.23729435324","4244.63891393552","2675.32200876796",NA,NA,NA,NA,NA,NA,NA,NA
"409","13283.0033294488","6260.03102003494","2133.20748812741","1821.60206837577",NA,NA,NA,NA,NA,NA,NA,NA
"410","3598.90409990477","1732.89562618533","1271.72300933118","1049.52653855218",NA,NA,NA,NA,NA,NA,NA,NA
"411","14813.2327060237","4304.79161169577","2002.01042589633","1854.35032275471",NA,NA,NA,NA,NA,NA,NA,NA
"412","2931.61560699285","1258.37161965388","528.286170419476","532.583766503579",NA,NA,NA,NA,NA,NA,NA,NA
"413","19797.0021941321","9949.12846135221","4300.39576703233","2584.84624482442",NA,NA,NA,NA,NA,NA,NA,NA
"414","9458.14594467419","5160.12527348286","3860.13566220052","2487.73627089356",NA,NA,NA,NA,NA,NA,NA,NA
"415","6054.07244055323","3235.07633994064","2002.35223342205","1741.39631637312",NA,NA,NA,NA,NA,NA,NA,NA
"416","3986.57160491461","1473.32277824865","980.122621623703","679.516083601349",NA,NA,NA,NA,NA,NA,NA,NA
"417","4183.07256123292","2358.06988861862","1393.02829876141","1092.43409966031",NA,NA,NA,NA,NA,NA,NA,NA
"418","122174.107040714","48463.9203365317","15251.7069172629","10179.6128318744",NA,NA,NA,NA,NA,NA,NA,NA
"420","7587.28645693757","5155.91190785017","3888.82215614244","2458.5021872346",NA,NA,NA,NA,NA,NA,NA,NA
"422","3349.54179004093","1897.47094262698","1297.39146784824","1050.59564641335",NA,NA,NA,NA,NA,NA,NA,NA
"423","4300.73321437582","1357.6615495853","836.957024947713","660.59202906743",NA,NA,NA,NA,NA,NA,NA,NA
"424","32304.6558240761","14000.4059978042","5680.9600370469","4383.15290252667",NA,NA,NA,NA,NA,NA,NA,NA
"426","14946.9611250561","8746.88232002805","5560.97986391596","2954.55552968861",NA,NA,NA,NA,NA,NA,NA,NA
"427","5136.95446912808","2670.45268336235","1436.68512488822","848.895439165981",NA,NA,NA,NA,NA,NA,NA,NA
"428","4400.5136419819","1592.39129576477","716.403956476087","588.648240204993",NA,NA,NA,NA,NA,NA,NA,NA
"429","8803.30233462876","5336.97660571382","4043.86630237727","2529.11061446731",NA,NA,NA,NA,NA,NA,NA,NA
"430","4622.489109949","2401.74667064053","1403.61328889411","1142.62045369644",NA,NA,NA,NA,NA,NA,NA,NA
"431","24923.4521059189","9579.2458094611","4345.84056350617","2683.6304044737",NA,NA,NA,NA,NA,NA,NA,NA
"432","4837.74047491158","2657.38849400011","1663.12809169892","1611.02615723519",NA,NA,NA,NA,NA,NA,NA,NA
"433","4977.62293855905","2562.49308585748","1713.79319225855","1510.47412204937",NA,NA,NA,NA,NA,NA,NA,NA
"434","4728.65165172611","2385.0335985484","1398.22544034814","1107.53764131639",NA,NA,NA,NA,NA,NA,NA,NA
"435","3598.90409990477","2228.16399857924","1315.09592146549","1057.81038361967",NA,NA,NA,NA,NA,NA,NA,NA
"436","2896.94637439849","1788.53386689301","1101.27976260325","930.320980057882",NA,NA,NA,NA,NA,NA,NA,NA
"437","5855.25685675725","3594.51226594983","2277.57688885108","1832.5233421515",NA,NA,NA,NA,NA,NA,NA,NA
"438","2868.3384965859","1185.63612203245","710.315138126032","504.446964449664",NA,NA,NA,NA,NA,NA,NA,NA
"439","85062.0909904405","24260.4148951176","8701.47333525813","4119.89208727439",NA,NA,NA,NA,NA,NA,NA,NA
"440","2698.20925977311","934.813454691165","459.162519802326","464.828084950987",NA,NA,NA,NA,NA,NA,NA,NA
"441","6924.85159311732","3776.78668169154","2358.40589842195","1926.85130737445",NA,NA,NA,NA,NA,NA,NA,NA
"442","4042.36523853108","1996.34891047668","1511.17730273686","1296.48092842409",NA,NA,NA,NA,NA,NA,NA,NA
"443","4393.8122741973","1478.69091752638","976.844297755937","681.794942601487",NA,NA,NA,NA,NA,NA,NA,NA
"444","19563.3507744942","7003.91341971105","4367.81874135516","2756.91903443084",NA,NA,NA,NA,NA,NA,NA,NA
"445","4549.92082465942","2359.4146061702","1394.26476159054","1092.43409966031",NA,NA,NA,NA,NA,NA,NA,NA
"446","21189.5363697468","8403.10918445464","3095.46583658512","2447.45204628544",NA,NA,NA,NA,NA,NA,NA,NA
"447","4791.39297687862","2929.21598165642","1872.12585136491","1679.10953391506",NA,NA,NA,NA,NA,NA,NA,NA
"449","6721.80105061864","3133.24441309163","1732.91789988505","1379.28561067825",NA,NA,NA,NA,NA,NA,NA,NA
"450","8561.81644981189","3270.29295630356","1690.02364737133","1357.32939791785",NA,NA,NA,NA,NA,NA,NA,NA
"451","4428.19876239305","2470.89136377678","1646.18972723405","1320.03320668511",NA,NA,NA,NA,NA,NA,NA,NA
"452","34744.7426130358","13795.0088984928","5565.30336641451","4278.36452883232",NA,NA,NA,NA,NA,NA,NA,NA
"453","6480.87064908661","3066.63605289918","1541.60304768729","1219.58258745091",NA,NA,NA,NA,NA,NA,NA,NA
"454","44942.7272247268","18349.8703065477","7652.16847172761","5315.71302047119",NA,NA,NA,NA,NA,NA,NA,NA
"455","4630.37368415871","2406.1225315084","1394.79255556174","1127.34935953284",NA,NA,NA,NA,NA,NA,NA,NA
"456","8419.72305659768","4159.89790921527","2104.84913675353","1770.94976932677",NA,NA,NA,NA,NA,NA,NA,NA
"457","3752.84719257891","2298.74452322381","1340.59749944109","1062.017561261",NA,NA,NA,NA,NA,NA,NA,NA
"458","8248.90619318908","3882.07277546874","2073.61222626049","1762.4419033579",NA,NA,NA,NA,NA,NA,NA,NA
"459","9611.81019983062","4401.06797304962","1477.94057077461","1125.11112606228",NA,NA,NA,NA,NA,NA,NA,NA
"460","11047.6723232145","4430.97521252059","2012.09757371509","1695.04102926419",NA,NA,NA,NA,NA,NA,NA,NA
"461","2823.79586050525","1423.6570250482","802.253643089431","566.703741926084",NA,NA,NA,NA,NA,NA,NA,NA
"462","32702.6011677196","8653.73646938904","2894.63166943006","1653.3161183276",NA,NA,NA,NA,NA,NA,NA,NA
"463","44942.7272247268","18067.0372121522","7649.27286666446","5196.7532720464",NA,NA,NA,NA,NA,NA,NA,NA
"464","5651.90121724779","2051.41590196504","1157.26538129785","994.42447927578",NA,NA,NA,NA,NA,NA,NA,NA
"465","2698.20925977311","1017.70964295536","453.574039546041","446.872027562379",NA,NA,NA,NA,NA,NA,NA,NA
"466","10032.3608512518","5334.09898574365","3936.47875207958","2499.04719588698",NA,NA,NA,NA,NA,NA,NA,NA
"467","8530.9838232104","4337.89340455892","2900.2607728878","2398.04929046638",NA,NA,NA,NA,NA,NA,NA,NA
"468","20716.588764964","8033.98759210479","4860.82429055389","2858.49806726597",NA,NA,NA,NA,NA,NA,NA,NA
"469","32909.7834414666","14543.8669088105","6170.53347432889","4931.8810893002",NA,NA,NA,NA,NA,NA,NA,NA
"470","9733.68592723505","3004.45265432272","1680.00794844171","1437.86111886024",NA,NA,NA,NA,NA,NA,NA,NA
"471","21413.3717870477","7696.14146923429","4573.47331278445","3112.91877624727",NA,NA,NA,NA,NA,NA,NA,NA
"472","36781.7044871519","17282.9365241059","7617.35599812439","5162.45973090256",NA,NA,NA,NA,NA,NA,NA,NA
"473","67373.6835231046","29465.660637153","10155.362407713","6175.44995489453",NA,NA,NA,NA,NA,NA,NA,NA
"474","10888.3032501583","4345.71797365523","1764.37910388798","1417.56875090543",NA,NA,NA,NA,NA,NA,NA,NA
"475","4496.78113599762","3243.62309321991","2020.04424769737","1696.22200643485",NA,NA,NA,NA,NA,NA,NA,NA
"476","7811.90725149193","4122.01806038719","2098.54208517662","1771.43561265409",NA,NA,NA,NA,NA,NA,NA,NA
"477","23476.858784723","11749.3213835634","7475.50334442605","5143.5622726847",NA,NA,NA,NA,NA,NA,NA,NA
"478","9784.1937192359","5376.63221003522","4054.62384164907","2561.92077743945",NA,NA,NA,NA,NA,NA,NA,NA
"479","124082.571415786","56019.6542909437","15557.2220524973","7153.59290414202",NA,NA,NA,NA,NA,NA,NA,NA
"480","3619.19637486296","2252.69336889187","1315.09592146549","1057.52026293293",NA,NA,NA,NA,NA,NA,NA,NA
"481","4300.73321437582","1419.58272967168","900.157248518627","664.261457456089",NA,NA,NA,NA,NA,NA,NA,NA
"482","20263.9640709296","9791.32975501234","7405.81491813008","5154.70447086137",NA,NA,NA,NA,NA,NA,NA,NA
"483","3141.22605624377","1834.27247838609","1126.32892058002","957.830910689785",NA,NA,NA,NA,NA,NA,NA,NA
"484","27371.0867809188","11386.65911575","5520.80375205503","4266.3192470198",NA,NA,NA,NA,NA,NA,NA,NA
"485","44942.7272247268","18074.7154261376","7652.16847172761","5199.70069734781",NA,NA,NA,NA,NA,NA,NA,NA
"486","6408.84762922278","3770.25200901805","2348.63266027035","1882.19079435051",NA,NA,NA,NA,NA,NA,NA,NA
"487","4600.06801579815","1733.98989387295","697.170746784902","738.211531811454",NA,NA,NA,NA,NA,NA,NA,NA
"489","23080.1422976788","8053.65028592265","4581.65847139104","3111.15423322905",NA,NA,NA,NA,NA,NA,NA,NA
"490","7731.09773156205","3830.42832935305","2427.49397663813","1918.86324597567",NA,NA,NA,NA,NA,NA,NA,NA
"491","9572.88492605309","5880.85188246067","2752.31151951406","2076.75883067615",NA,NA,NA,NA,NA,NA,NA,NA
"492","4628.0145323758","2375.14391744896","1400.09449998901","1113.78432690216",NA,NA,NA,NA,NA,NA,NA,NA
"493","4279.69227329314","2448.26148119768","1618.52821531577","1498.13253958523",NA,NA,NA,NA,NA,NA,NA,NA
"494","3212.45249543468","1010.08672845452","723.564455804341","717.079061116804",NA,NA,NA,NA,NA,NA,NA,NA
"495","29922.3247683162","12781.3464642865","6133.46829111662","4933.23410425292",NA,NA,NA,NA,NA,NA,NA,NA
"496","3598.90409990477","1734.67701535584","1271.72300933118","1050.39045534956",NA,NA,NA,NA,NA,NA,NA,NA
"497","4984.33697509789","3571.23293528171","2251.73998108662","1764.80253498268",NA,NA,NA,NA,NA,NA,NA,NA
"498","40253.7730902185","17960.1464069291","7548.07224748635","5137.6746390024",NA,NA,NA,NA,NA,NA,NA,NA
"499","4625.86794245688","2365.43358359956","1394.79255556174","1096.71641719516",NA,NA,NA,NA,NA,NA,NA,NA
"500","68483.8651845073","17071.4187462822","8512.43896812006","3864.20006432057",NA,NA,NA,NA,NA,NA,NA,NA
"501","17224.261776995","9260.04596474831","7159.89152269548","5052.53015994367",NA,NA,NA,NA,NA,NA,NA,NA
"502","3008.60433657225","1917.58095491028","1336.05508435892","1167.73171536507",NA,NA,NA,NA,NA,NA,NA,NA
"505","3598.90409990477","1797.20636763522","1289.45742376278","1058.12005318976",NA,NA,NA,NA,NA,NA,NA,NA
"506","26630.6850834036","10197.8691216251","4628.83358782422","3126.06984888604",NA,NA,NA,NA,NA,NA,NA,NA
"507","29103.1570230658","11433.828207783","4654.16207385885","3194.94017433479",NA,NA,NA,NA,NA,NA,NA,NA
"508","24923.4521059189","9449.28024021254","4345.84056350617","2625.06174276669",NA,NA,NA,NA,NA,NA,NA,NA
"509","2698.20925977311","1732.70449040926","1050.7081242879","930.372038811471",NA,NA,NA,NA,NA,NA,NA,NA
"510","4042.36523853108","2290.84041032932","1526.11658541385","1297.21624920828",NA,NA,NA,NA,NA,NA,NA,NA
"511","4183.07256123292","2359.31407123084","1401.83787485129","1111.12140191167",NA,NA,NA,NA,NA,NA,NA,NA
"512","3830.95513770635","2306.53209208088","1355.86676163305","1062.49200002811",NA,NA,NA,NA,NA,NA,NA,NA
"513","25370.2025454862","10093.0446621612","5497.48002047667","4257.64407622949",NA,NA,NA,NA,NA,NA,NA,NA
"514","11611.0039644231","7049.4934222943","5178.98958673086","4169.12798256843",NA,NA,NA,NA,NA,NA,NA,NA
"515","9446.85379091079","4176.86823564234","3783.44804401204","2489.10118731929",NA,NA,NA,NA,NA,NA,NA,NA
"516","17391.7752592545","7491.19390081226","2578.18575041218","1944.21553544214",NA,NA,NA,NA,NA,NA,NA,NA
"517","8247.47139349243","2922.10627981716","2461.06653916531","1504.36836075759",NA,NA,NA,NA,NA,NA,NA,NA
"518","12607.6410758881","6020.98131558099","2126.68139595978","1777.42336266215",NA,NA,NA,NA,NA,NA,NA,NA
"519","3868.79114825859","2330.13503184339","1361.09505113345","1063.23970920981",NA,NA,NA,NA,NA,NA,NA,NA
