V1,V2,V3,V4,V5,V6,V7,V8,V9,V10,V11,V12,V13
1,9463.72,4610.99,2181.85,1683.72,1295.31,1132.09,1122.14,899.65,809.17,732.87,845.36,709.84
2,3768.68,7881.66,3831.45,3930.36,858.06,819.95,925.47,888.49,727.88,689.21,655.54,614.54
3,3434.70,4364.05,1806.69,1275.01,794.80,729.66,811.74,759.63,707.57,667.72,645.04,608.16
4,4615.96,3301.66,1895.71,1816.89,1645.86,1794.48,1150.07,1006.36,831.67,822.38,635.06,584.94
5,3214.51,3625.52,1667.44,1881.90,780.09,751.05,822.97,708.28,651.14,667.17,645.22,611.95
6,3897.04,739.97,542.65,532.79,781.70,735.37,959.51,751.36,656.50,671.23,657.45,619.89
7,8202.36,3325.90,3032.69,2509.19,1807.82,1652.20,1490.15,1078.65,1073.84,942.86,807.34,841.05
8,3442.42,1678.39,1062.30,860.94,728.62,687.75,727.60,614.81,578.52,616.60,612.63,550.94
9,8026.62,5004.20,2325.45,1830.16,1523.23,1324.41,1191.19,966.07,821.42,724.47,798.08,671.99
10,5381.51,2611.69,1487.40,1466.79,1002.59,965.70,885.79,845.72,673.46,717.35,670.91,668.83
11,118246.85,55688.21,13535.04,9051.32,7.16,2.73,2.44,2.24,2.03,1.71,1.98,1.50
12,2983.86,2387.16,1178.56,1310.10,976.39,882.23,957.89,892.55,755.30,679.82,652.69,619.34
13,56476.10,23694.14,10520.34,3821.86,970.80,1.51,1.85,1.43,1.32,1.34,1.33,1.30
14,3436.54,1840.96,1297.20,1225.58,986.77,882.37,758.92,641.79,586.64,584.07,573.94,552.94
15,2521.34,3441.12,1570.12,1568.11,748.56,747.60,755.78,639.07,637.35,638.86,636.32,606.69
16,5434.42,3316.15,1839.64,1263.94,1078.25,894.18,833.34,753.34,655.89,681.53,784.99,670.33
17,3757.70,2531.34,1717.21,1356.40,1086.38,859.16,784.60,704.02,613.77,607.56,662.10,595.69
18,2654.99,3251.98,1075.91,1243.81,743.58,715.86,778.63,647.31,643.22,642.14,638.71,607.02
19,8168.37,3411.75,3112.65,2427.83,1821.49,1668.29,1453.98,1023.53,1055.79,906.58,763.01,817.64
20,3682.53,2457.59,1634.51,1156.92,1054.07,866.19,772.53,696.75,607.90,612.36,657.78,595.74
21,2563.91,1907.75,1451.80,1205.35,821.40,784.13,856.00,813.56,714.40,662.64,626.46,609.59
22,3419.74,1738.90,1070.93,948.15,768.25,688.34,745.01,624.08,576.75,608.72,607.92,542.45
23,6894.16,5794.91,3261.85,2308.02,1744.26,1459.30,1420.04,1068.96,990.67,1098.83,998.17,761.19
24,5006.07,2493.69,1306.83,1008.66,837.01,832.52,850.30,652.96,639.92,644.62,668.49,618.49
25,98450.56,38387.23,19342.76,10696.58,5009.89,3.29,2.16,2.23,2.56,2.15,1.95,1.50
26,2602.75,1617.47,1045.05,981.24,755.58,748.30,749.04,638.57,635.97,638.60,598.77,469.07
27,7313.28,2991.80,2932.81,2567.56,1720.10,1502.15,1426.22,1068.59,1056.18,945.66,792.52,824.78
28,11754.90,5058.29,2340.87,1914.90,1348.96,1237.31,1495.10,1011.70,855.21,892.39,951.90,836.85
29,34304.40,16105.74,12066.44,8075.49,7210.80,4059.48,3598.58,2178.72,2306.56,1977.95,1695.00,1561.66
30,3808.57,3020.24,1840.87,1369.53,1253.27,1147.42,925.90,962.96,646.35,690.66,678.19,603.22
31,59363.38,25778.10,14089.39,10195.14,8605.96,4693.13,4002.65,3192.67,4337.23,3692.76,3179.90,2582.14
32,9994.18,5094.13,3769.96,2315.46,2038.04,1852.11,1638.59,1175.64,1096.73,907.45,838.77,728.02
33,19284.53,11627.68,8318.28,4411.59,3451.74,2713.33,2421.31,1586.89,1659.53,1568.73,1274.98,1110.78
34,3744.00,2479.10,1491.41,1299.62,995.18,904.66,829.76,667.36,610.49,593.57,605.17,557.19
35,2878.65,1883.32,1201.79,1107.42,845.74,719.99,734.38,678.57,557.64,600.76,559.15,556.74
36,28824.72,13861.37,10785.14,7362.06,6843.26,3840.60,3018.08,2002.09,2070.06,1639.43,1433.93,1358.40
37,8562.73,4245.73,2237.93,1557.68,1475.98,1232.89,1040.93,841.36,787.55,886.71,887.75,799.53
38,4241.77,2227.67,1340.84,1154.20,852.09,792.61,836.14,653.49,608.39,617.43,635.23,564.84
39,3364.14,1940.66,1157.61,939.76,809.37,777.45,802.90,630.70,604.93,611.37,605.96,548.96
40,4999.58,3132.89,1866.13,1427.69,1378.06,1147.83,886.92,772.57,704.63,710.37,735.74,607.58
41,4434.25,2916.91,1460.68,1170.97,819.33,796.57,1012.44,832.14,727.54,672.70,647.00,615.24
42,3683.05,2481.96,1634.21,1164.77,1056.04,847.64,743.29,698.43,609.80,611.97,657.41,599.04
43,15519.28,12654.38,5512.47,3270.01,961.44,846.20,1224.79,980.95,812.55,748.76,885.43,762.33
44,5507.21,2301.03,1424.73,1247.26,837.27,771.80,778.40,640.78,639.65,640.94,659.30,641.85
45,4232.43,1822.44,1261.94,1119.42,814.33,731.27,738.10,632.27,609.86,629.46,617.18,596.54
46,17600.77,6500.54,3227.80,1902.86,2248.41,2057.64,1561.40,1443.39,1269.67,1090.59,783.96,652.58
47,11171.98,18148.47,8427.95,5702.11,2198.71,1301.21,1385.99,1007.71,921.05,979.68,723.62,657.97
48,25425.49,8997.97,4618.88,3067.94,2398.32,2173.58,1990.64,2152.57,2187.62,2253.12,2406.33,2220.97
49,10828.09,7403.85,2929.40,2283.92,1600.95,1412.77,1564.04,1039.63,892.24,791.24,887.09,737.18
50,3070.37,1391.18,1122.32,1180.17,811.72,662.61,675.12,606.97,555.87,555.62,549.58,549.57
51,15065.64,6286.39,4248.13,2411.25,2086.25,1924.09,1915.41,1248.92,1189.12,1041.46,1001.89,880.89
52,2524.35,1518.82,913.19,886.21,754.43,747.26,750.12,639.07,636.50,638.66,619.01,605.23
53,54365.09,23437.61,10937.98,6750.22,7053.46,4076.55,3335.41,3059.36,2793.21,2282.09,2335.29,2112.14
54,15965.95,12427.78,1990.69,1331.48,2.01,1.69,1.85,1.60,1.44,1.30,1.20,1.19
55,10396.83,4424.39,1704.32,1250.75,1243.17,1159.07,1033.65,1040.57,924.27,949.24,1139.07,1040.48
56,3880.34,1836.12,1102.96,1006.73,809.83,706.44,755.50,657.69,613.68,621.41,633.93,581.71
57,3945.96,2493.46,1491.71,1370.52,1026.71,929.49,878.72,675.27,666.96,637.97,617.49,559.44
58,5286.51,10710.40,4868.46,4710.17,1565.00,1246.68,1123.80,937.91,954.89,923.30,694.25,635.16
59,4427.63,2828.63,1812.91,1398.34,1130.40,957.36,808.17,738.19,654.64,626.51,664.34,598.29
60,6902.56,10394.83,5786.85,3102.78,1821.56,1626.47,1529.40,1174.69,1114.45,1007.34,945.88,804.39
61,3778.25,1677.93,1082.32,872.70,744.44,689.41,734.42,630.82,595.37,614.44,605.93,557.18
62,4469.56,2184.96,1243.34,962.83,845.03,817.27,808.35,646.86,634.64,645.01,660.64,627.40
63,3936.07,1823.86,1117.67,983.55,780.08,699.15,771.53,647.52,601.71,615.39,616.21,583.97
64,3009.39,1783.44,1214.47,1080.88,838.99,735.17,726.50,605.48,568.39,551.40,560.70,534.69
65,4072.23,3400.19,1410.18,1051.17,1.56,1.30,1.24,1.23,1.17,1.14,1.14,1.09
66,3204.69,1602.65,1342.75,1390.67,791.89,760.90,797.14,703.44,650.17,663.17,625.50,608.14
67,4284.32,2518.28,2370.99,1729.87,1323.69,1187.76,974.83,761.33,827.58,695.23,585.10,560.17
68,5715.92,2514.50,2362.03,1786.75,1394.55,1184.58,1074.19,830.63,882.83,782.98,649.91,649.41
69,7120.13,4444.85,2178.27,1651.42,1526.63,1239.07,1004.09,874.86,756.81,714.24,865.05,756.58
70,2804.07,5719.36,3039.82,2775.21,1391.25,1076.16,956.35,842.75,819.15,834.50,648.47,614.96
71,2733.59,1748.36,929.04,920.99,789.96,752.38,800.24,654.93,644.38,574.07,1.15,1.10
72,4001.32,1856.28,1107.38,943.03,776.95,762.03,759.37,645.93,615.36,615.58,628.18,588.77
73,11470.59,4196.23,3485.49,3215.79,1157.95,798.22,1.49,1.64,1.46,1.40,1.20,1.15
74,3166.34,641.00,385.67,378.91,771.62,721.20,811.13,707.57,650.26,666.11,626.70,610.65
75,2483.00,995.74,636.15,720.01,752.28,735.48,733.96,639.30,636.72,638.66,619.00,603.73
76,6560.07,4021.49,1757.47,1398.51,1164.22,1034.72,1236.75,956.35,738.70,717.59,805.05,621.44
77,2949.16,1784.96,1159.08,926.61,822.63,767.34,804.75,624.86,566.05,542.46,562.50,539.26
78,15571.84,6424.76,2470.28,2051.08,1700.46,1478.49,1619.11,1181.71,1081.32,995.05,1136.35,919.83
79,2634.66,1085.26,729.49,617.59,747.17,743.07,807.26,652.21,643.03,644.65,621.77,608.28
80,7377.73,2971.44,1506.44,1262.30,936.22,862.08,928.30,709.48,678.54,792.85,747.47,740.42
81,10625.71,7864.81,4159.49,2824.55,2059.25,1650.26,1548.92,1164.32,1105.83,1129.51,1083.59,866.81
82,5932.69,2626.03,1506.10,1478.24,1002.00,873.85,845.33,724.45,675.21,635.90,682.18,664.46
83,6262.38,3165.21,2845.07,1891.62,1472.63,1418.74,1298.78,883.77,913.15,832.81,709.97,702.24
84,5719.20,835.70,713.88,573.18,784.92,771.86,1021.26,730.75,646.31,1.16,1.17,1.13
85,40352.00,19221.75,9562.70,4989.39,4184.68,3412.71,3130.54,3122.31,2507.33,2361.83,2373.40,2306.24
86,2996.34,1770.08,1100.07,912.46,850.55,788.28,759.61,617.57,583.98,604.12,644.89,537.35
87,31666.29,14657.84,10799.69,7044.93,6554.79,3863.46,3004.65,2024.23,2177.11,1735.04,1562.31,1430.31
88,6551.78,4135.35,2179.20,1721.04,1372.21,1301.11,1020.09,1013.91,775.27,770.76,803.14,700.27
89,3589.24,4945.16,3082.96,2736.50,805.19,737.64,738.64,695.27,646.61,658.37,641.46,551.72
90,3843.89,1886.74,1125.18,998.65,805.16,696.30,770.14,647.53,604.20,622.05,614.64,574.98
91,2789.45,1428.66,1002.37,828.50,718.13,625.10,638.34,588.40,554.43,550.91,545.93,540.61
92,11658.25,5837.07,3264.12,2660.56,1193.68,1106.03,1083.35,930.59,798.23,769.31,640.39,559.62
93,5516.89,4312.26,2122.82,1628.94,1519.31,1111.36,1290.59,984.79,830.50,1011.28,789.37,614.23
94,16465.15,8889.38,6028.14,4687.77,3234.87,2426.53,2446.66,1666.53,1455.86,1184.79,1100.80,1075.82
95,3669.89,2030.04,1217.39,1207.45,873.03,712.29,763.29,685.69,606.30,658.00,613.95,596.58
96,27119.02,11236.39,5405.46,3258.50,971.66,817.93,2.09,1.63,1.43,1.36,1.26,1.18
97,6597.72,4904.70,2390.41,1754.15,1828.04,1692.41,1274.71,1024.59,809.69,707.99,728.11,610.71
98,3928.90,10552.79,4414.54,3539.30,1537.38,1213.78,1051.96,871.72,949.67,917.05,689.14,640.86
99,7508.35,5681.50,2895.38,1955.64,1563.69,1373.75,1343.96,1037.67,1007.27,1096.96,1026.31,803.46
100,11757.58,11076.18,5005.64,3321.56,2902.77,2101.60,1792.87,1307.11,1167.28,1136.59,1105.64,882.74
101,9483.57,3705.62,1880.17,1643.85,1359.31,1327.42,1063.67,800.41,852.41,877.75,767.90,778.39
102,3033.19,1784.67,1094.00,901.95,812.55,774.26,793.07,627.16,579.53,566.33,573.84,540.81
103,9852.85,4172.78,1519.81,1217.20,893.83,795.61,908.57,1055.74,813.59,855.98,1112.11,988.12
104,3049.15,1614.19,1065.00,821.15,715.40,679.74,704.83,606.86,544.54,576.39,577.82,543.53
105,2752.42,1576.25,1073.54,1024.76,792.06,753.50,801.68,656.89,639.83,1.11,1.11,1.10
106,44651.85,14654.49,7078.16,3944.44,2307.83,1713.04,1647.73,1182.70,1133.60,1180.96,793.60,632.42
107,2503.63,698.80,758.05,719.85,756.99,749.98,751.97,640.74,636.95,638.37,618.80,603.10
108,23606.07,6184.41,3414.52,1985.47,1939.69,1223.40,1365.39,950.06,847.90,793.32,613.65,1.19
109,4453.92,2149.05,1387.98,1478.75,1192.33,940.12,834.69,698.59,662.19,639.85,626.05,591.86
110,3895.16,2119.25,1274.38,1339.27,1022.00,894.60,787.49,654.37,631.12,631.01,607.96,559.95
111,2795.11,1401.31,986.35,893.02,730.82,625.21,661.74,592.31,555.74,547.58,549.93,535.70
112,4761.50,2708.01,1703.63,1652.38,1278.41,1224.01,955.45,735.64,735.76,689.69,616.99,566.06
113,6880.46,2404.44,1446.05,1238.43,872.25,809.93,857.42,683.71,684.51,796.99,741.70,736.52
114,3916.70,1712.29,1054.05,914.40,754.97,684.60,726.61,635.48,601.56,612.63,616.08,591.82
115,15406.34,8943.85,5492.53,4907.23,2874.11,2474.83,2405.02,1838.03,1792.02,1645.53,1152.17,979.27
116,2784.18,3534.60,1869.83,2046.16,782.90,756.21,749.55,690.92,643.68,656.75,639.89,604.17
117,10501.31,5272.52,1907.56,1349.51,1278.51,1200.90,1085.09,1076.32,930.80,907.43,1099.60,1028.80
118,3318.64,1722.26,1225.68,1028.38,792.38,721.65,710.11,609.84,564.23,588.90,580.90,556.08
119,2951.15,1634.14,1150.35,1086.42,781.79,648.83,680.92,601.02,557.87,549.61,551.02,540.43
120,15755.01,7742.47,3444.35,2258.18,1949.34,1966.77,1749.50,1957.49,1430.41,1365.56,1272.67,1242.29
121,3494.00,2374.41,1491.50,961.54,987.86,844.96,807.21,712.91,613.89,604.51,669.97,594.26
122,3799.02,1887.29,1194.19,899.02,817.01,777.95,809.29,640.05,607.75,615.38,616.05,556.25
123,3337.14,2030.01,1384.92,1017.00,996.91,809.65,738.07,699.27,615.03,610.26,660.22,580.47
124,53019.36,19402.77,8067.22,4571.33,3930.69,2656.52,2248.30,1994.89,1591.15,1312.50,936.77,779.68
125,10347.81,4826.98,4275.89,2854.22,2290.54,1930.60,1553.79,1269.42,1185.65,1040.03,985.59,993.16
126,2605.53,1403.79,1253.91,1448.45,759.29,664.54,1.20,1.16,1.15,1.10,1.10,1.09
127,10275.27,3964.25,2431.62,1709.21,802.38,1.41,1.67,1.31,1.23,1.25,1.20,1.16
128,2940.90,1144.70,923.54,868.75,809.35,765.18,966.41,799.83,708.09,674.61,640.40,616.32
129,12284.18,4677.76,2915.92,1841.26,1463.02,1430.14,1230.02,995.54,1249.24,1042.60,921.06,842.24
130,22092.58,12557.04,8182.04,5113.51,3695.61,3235.36,2650.52,1881.24,1964.69,1820.55,1524.06,1349.79
131,3034.90,1563.57,1013.67,837.62,734.80,674.00,702.70,610.86,553.79,578.81,573.56,547.05
132,8326.00,6069.79,3495.47,2699.83,1789.08,1543.11,1474.60,1104.04,1073.96,1125.52,1031.62,823.37
133,3923.28,1069.68,941.31,945.52,836.19,785.89,1107.62,876.82,720.66,696.95,663.42,623.17
134,3095.00,1357.29,1109.06,1185.21,796.28,692.44,668.83,607.34,587.70,563.76,549.12,543.87
135,10063.08,10332.75,5636.70,3108.34,1765.32,1728.44,1688.14,1231.87,1062.72,1008.17,751.91,727.62
136,11465.84,4956.80,3576.68,2737.01,1977.64,1894.41,1606.93,1273.51,1184.44,1025.90,947.29,978.36
137,33297.47,13190.98,8523.38,4655.51,2298.79,2.47,1.86,1.92,2.11,2.00,1.33,1.17
138,13503.52,5486.01,3321.23,2931.75,1137.47,866.65,1105.26,958.73,772.63,765.69,658.12,588.22
139,3288.64,3337.89,1983.88,1505.14,1541.60,1241.45,1068.57,893.92,967.13,881.07,680.78,626.54
140,3364.12,1755.22,1098.31,946.62,773.08,707.95,749.83,625.81,601.61,616.33,609.83,539.59
141,3729.85,1623.27,1044.62,858.31,745.93,682.92,725.95,629.11,589.40,612.80,604.24,557.71
142,11858.98,4856.35,2352.95,1788.05,1629.79,1372.89,1252.35,992.72,868.58,909.04,929.02,815.78
143,2861.35,1563.69,1017.20,895.36,766.88,642.15,673.97,610.39,550.22,543.28,552.56,539.27
144,4480.84,2058.20,1360.29,1356.65,1060.17,978.80,842.24,682.54,664.86,642.83,637.63,596.41
145,53142.93,18850.13,8680.23,4932.78,4943.77,2902.22,2296.05,2067.91,1613.78,1316.40,936.45,788.94
146,6530.88,2694.84,1585.68,1259.86,767.69,762.90,902.62,647.64,643.63,1.35,1.13,1.15
147,6258.84,5455.39,2896.59,2330.05,1970.71,1455.84,1513.73,1048.94,930.64,992.85,809.82,666.47
148,22477.48,8752.36,4205.46,3482.67,2208.40,2157.57,1884.42,2049.38,1913.21,1919.00,1607.90,1552.01
149,20159.48,8432.59,5069.72,3717.60,2810.07,2439.24,2341.94,1694.27,1427.77,1193.40,1273.39,1146.05
150,13527.93,11042.56,7179.88,3973.07,3103.67,2552.19,2064.63,1376.29,1538.46,1407.31,1121.44,879.60
151,8015.92,5105.98,2358.85,1807.85,1515.89,1333.74,1223.11,975.24,810.10,725.90,808.13,669.40
152,21389.41,7040.90,3662.37,2238.83,1925.89,1819.55,1704.72,1746.56,1407.39,1283.63,1402.55,1694.53
153,3894.41,1733.75,1130.96,991.89,785.86,693.80,737.92,631.73,602.96,626.48,616.66,588.59
154,5332.58,7721.84,2929.36,2978.38,1264.21,1080.79,1295.78,896.85,765.54,704.72,681.78,630.44
155,5511.78,3278.51,2108.77,1679.20,1097.42,1056.02,1302.54,964.67,773.07,719.28,675.30,629.26
156,3355.58,1771.08,1092.13,924.21,750.33,694.15,751.55,621.28,578.65,607.30,602.66,545.69
157,6432.29,2713.68,1554.16,1275.36,1212.78,1114.02,974.93,715.82,716.70,758.04,752.70,752.38
158,5745.31,3325.19,2045.74,1463.87,1151.28,1030.53,886.10,782.18,717.62,712.45,782.15,682.14
159,21357.95,17507.05,4847.40,4299.93,4971.29,3067.61,2121.59,2215.99,1709.38,1713.28,1553.42,1248.73
160,17593.80,6592.05,4285.31,3408.77,1171.45,1.54,1.72,1.52,1.41,1.44,1.24,1.17
161,74668.50,33448.80,14952.06,10151.74,8459.56,4663.61,4127.44,4158.08,4287.86,3864.47,4181.61,3379.35
162,2526.68,669.20,399.48,380.29,742.24,705.07,719.45,619.40,179.53,1.10,1.10,1.09
163,2908.98,1479.12,1009.07,843.91,727.16,653.03,697.06,601.66,552.84,544.69,552.70,545.74
164,3123.82,1674.38,1230.47,1240.55,1025.19,850.09,777.09,670.42,592.34,566.61,550.79,546.54
165,2445.45,803.48,608.86,515.01,750.14,706.51,723.01,645.46,635.63,638.12,619.02,601.40
166,26615.69,9755.68,5806.87,2998.60,1650.90,1299.86,1238.15,990.66,1035.91,1025.87,675.66,505.30
167,8455.28,3260.81,1896.92,1504.64,1345.80,1098.80,1187.20,879.79,803.39,780.57,651.37,626.78
168,21533.69,13713.36,10878.69,8790.69,7492.50,4141.52,3124.90,2356.70,2863.64,2457.87,2000.19,1612.47
169,2708.63,1817.48,1061.92,954.26,847.12,700.74,754.52,677.57,583.72,617.22,574.74,556.14
170,3128.42,1522.46,1180.51,1176.81,848.85,776.62,709.26,615.75,601.97,564.42,557.68,546.30
171,3529.87,2253.08,1378.06,1482.88,1192.43,1114.60,896.60,884.07,678.59,713.27,593.38,571.86
172,2812.61,1516.71,1063.40,980.78,771.52,638.26,676.36,593.38,554.32,553.00,547.37,535.50
173,3578.19,1131.46,875.42,648.04,757.65,751.55,898.39,664.96,643.47,580.41,1.11,1.10
174,2888.13,1342.25,1161.15,917.71,1054.34,1020.96,1055.77,865.75,755.26,691.52,633.07,618.23
175,5250.90,738.10,713.11,568.32,784.92,771.86,993.01,720.62,645.95,1.16,1.15,1.12
176,2449.16,4152.02,2173.95,2320.01,750.82,709.14,726.46,639.46,637.14,637.14,636.10,601.76
177,46203.79,16850.11,7302.57,3254.24,3741.55,2704.77,1920.95,1680.92,1526.31,1158.96,1088.93,923.05
178,5579.37,3658.45,1878.87,1642.85,1497.27,1205.70,1024.40,912.35,728.11,644.41,711.43,614.59
179,5311.12,2981.17,1910.26,1326.26,1078.93,949.95,861.90,762.65,658.79,690.49,761.68,657.84
180,3417.44,1699.94,1026.20,1071.89,817.29,729.18,909.19,741.95,653.98,670.44,639.92,611.74
181,6149.73,5401.19,3404.48,2553.33,1992.15,1548.25,1422.42,1119.56,1012.41,1001.22,915.86,755.12
182,2451.18,969.20,468.23,488.11,740.72,705.35,724.30,638.23,636.72,638.37,618.63,598.27
183,7503.24,3220.89,2966.50,2950.93,1810.09,1625.85,1338.47,1183.88,1297.34,1348.08,845.29,858.10
184,11580.04,6181.60,3515.64,2603.51,1863.33,1685.21,1670.96,1192.21,1070.05,1043.89,737.11,721.21
185,3717.92,2078.86,1591.05,1237.61,1061.41,890.55,745.41,712.68,649.24,630.18,661.69,604.43
186,20142.34,8391.47,3607.12,2337.62,2126.91,1968.94,1692.39,1587.89,1428.30,1337.44,1519.96,1208.10
187,61298.30,38743.39,13792.04,10256.04,5127.57,2526.63,1804.56,1736.70,1526.42,1206.67,1216.59,946.06
188,75016.33,31593.16,15161.66,8994.74,8346.97,4667.74,4082.05,4116.92,4309.44,3925.73,4199.60,3533.59
189,3658.90,2344.37,1464.43,1306.88,1146.60,1063.13,864.41,667.11,633.70,663.76,625.73,556.48
190,3087.54,1705.63,1086.11,906.97,751.41,685.54,729.69,616.44,556.40,575.43,591.34,544.01
191,2482.61,868.98,815.30,680.96,757.04,737.68,732.96,638.29,635.70,638.84,618.83,551.01
192,3473.86,2263.25,1547.64,1344.36,1147.97,998.23,844.57,672.56,625.54,571.75,555.23,546.76
193,61408.18,18983.29,8432.13,4909.02,4807.85,2290.21,1856.65,1490.95,1404.41,1269.38,789.67,1.35
194,2945.56,1880.46,1160.51,906.47,811.18,770.08,811.24,632.20,568.48,570.51,566.98,532.39
195,33898.05,15914.43,8562.83,5082.46,3806.32,3425.59,2900.41,2220.94,2591.65,2453.38,1971.43,1743.71
196,5212.80,2221.96,1211.64,915.27,749.68,713.26,747.17,653.08,607.71,614.69,667.86,633.05
197,41400.00,17543.34,12060.75,8031.29,7228.15,4166.26,3575.00,2270.16,2533.41,2274.01,1847.23,1719.02
198,40328.03,27160.03,10741.59,7499.60,5465.69,3863.18,3271.59,3543.68,3415.31,3314.59,2575.12,2088.33
199,3316.19,1909.42,1099.98,1017.23,860.67,708.01,767.04,693.35,606.36,645.78,606.59,600.77
200,3656.91,1915.04,1260.78,1219.22,808.97,777.29,760.51,651.74,613.13,602.99,604.92,553.43
201,2905.79,1572.96,1012.66,900.73,751.96,652.87,718.72,610.28,552.45,543.78,559.81,539.69
202,8484.71,4874.85,2255.77,1976.28,1575.50,1361.57,1319.63,982.49,809.88,748.22,865.06,728.96
203,12927.34,9586.16,7808.08,5208.15,4107.20,3087.25,2610.46,1831.14,1787.65,1616.84,1272.32,1124.64
204,97777.92,34597.75,14336.24,6599.54,5318.69,2943.98,2364.08,2139.82,1732.77,1066.11,2.19,1.74
205,5967.78,2854.69,1565.21,1353.90,1091.19,1066.03,898.10,703.76,673.92,655.52,689.48,635.37
206,11393.45,4400.46,1682.81,1233.87,992.83,960.54,1011.57,1078.28,867.77,937.23,1161.99,1111.23
207,20202.64,13131.30,4708.93,2740.79,2595.04,2533.77,2073.88,2588.80,1588.84,1381.69,1454.79,1204.19
208,8812.32,3605.86,1859.57,1506.33,999.93,947.33,1280.61,906.53,798.93,758.88,671.17,633.13
209,71282.69,33004.61,13866.72,9325.36,8309.79,4629.50,3786.10,4054.61,4057.62,3824.90,3921.32,3205.32
210,5397.45,7677.85,3827.82,2764.77,1750.08,1305.05,1288.81,1036.35,998.38,939.74,702.78,633.69
211,2858.80,1367.33,975.39,893.88,781.31,625.82,660.89,620.29,541.41,541.19,547.06,534.93
212,4975.14,3108.70,1572.05,1113.75,1111.69,933.68,874.18,815.40,660.26,686.41,725.40,594.63
213,3743.54,2063.82,1646.36,1233.32,1054.18,896.60,752.08,710.63,651.88,631.69,662.35,600.39
214,2463.11,3234.87,996.53,1237.65,741.12,706.00,723.99,639.45,637.35,638.18,636.32,604.04
215,17483.31,5589.12,3921.88,3103.72,1167.94,1.54,1.70,1.50,1.41,1.44,1.22,1.16
216,3341.98,6488.65,3599.14,3603.30,1094.00,1040.97,988.48,907.18,762.54,709.08,657.81,615.99
217,2852.56,1264.93,955.22,890.00,716.25,628.67,661.60,591.90,551.60,545.67,548.88,539.74
218,43909.99,24809.86,9242.91,5120.42,5666.25,3799.49,2996.66,2945.02,2431.62,2196.64,2185.61,1657.33
219,3366.34,2486.39,1516.65,1033.78,1026.02,832.09,803.20,712.26,609.47,608.40,657.01,576.83
220,4059.30,2466.41,1449.20,1320.37,1073.74,1070.36,904.02,670.65,654.24,661.05,637.62,564.86
221,6152.93,2596.46,1469.60,1144.61,949.27,901.40,876.56,677.73,665.48,678.05,744.53,734.98
222,4826.37,2453.15,1511.64,1304.58,998.52,911.80,854.28,687.12,658.35,634.55,632.71,610.57
223,7101.50,3074.64,1577.28,1266.40,801.04,769.67,1030.02,684.03,646.80,1.36,1.15,1.16
224,2797.19,1317.04,983.77,894.35,735.58,637.91,667.55,597.63,557.98,546.30,549.30,535.51
225,32686.45,18378.13,9549.24,5041.04,4452.26,3391.42,2916.43,2441.63,2434.58,2155.50,1870.35,1770.02
226,4855.14,3400.61,1539.61,1267.13,1115.69,969.72,1183.66,884.51,693.10,644.04,723.20,610.62
227,7334.10,4673.67,2067.62,1584.08,1636.06,1531.50,1427.58,1009.69,1007.59,941.09,707.50,668.75
228,3870.02,1978.20,1197.27,946.25,814.31,786.09,830.23,648.75,609.86,614.34,623.10,553.43
229,2790.68,1469.97,1003.12,841.43,723.16,627.75,642.52,587.52,554.82,550.32,546.18,537.40
230,4011.53,1885.49,1125.06,971.93,764.79,697.76,759.42,658.27,592.49,609.62,622.46,583.70
231,2891.09,634.82,556.01,430.43,755.55,745.49,923.12,684.52,644.06,651.17,637.98,616.88
232,18041.93,7962.33,4860.99,3825.24,2561.68,2254.74,2379.27,1610.63,1334.09,1097.13,1127.99,1085.61
233,3785.59,1902.29,1147.32,1006.05,827.11,698.31,773.60,651.71,598.26,624.45,614.34,546.01
234,3077.82,1726.00,1049.56,902.05,751.19,680.29,727.93,620.60,558.30,575.24,599.17,542.41
235,10538.93,5355.93,3022.66,2316.19,882.88,842.03,1201.33,933.83,768.96,758.28,680.77,646.95
236,5319.43,3229.91,1830.31,1462.71,1207.25,994.57,950.06,877.80,700.89,636.21,694.40,608.59
237,20954.06,8669.90,6099.04,4148.46,3369.22,2562.33,2450.92,1591.74,1601.46,1608.48,1248.21,1275.69
238,36546.37,24014.30,4078.07,2891.75,2.06,1.50,1.53,1.56,1.52,1.40,1.65,1.44
239,5603.49,16957.11,8092.64,3575.88,3501.96,2384.54,1585.52,1625.51,1303.55,1036.97,826.81,752.87
240,4286.93,2017.14,1288.72,1215.76,855.89,801.90,789.23,650.19,624.22,629.22,634.10,592.85
241,5330.17,2479.10,1277.20,922.22,822.23,814.49,825.65,648.23,619.36,623.17,687.53,656.76
242,70586.47,23491.01,11942.88,6682.10,2240.36,1268.55,286.86,1.87,1.70,1.48,1.77,1.48
243,3270.05,1751.24,1088.04,945.14,762.23,689.56,747.82,621.01,590.97,616.81,600.04,541.10
244,2955.53,1801.84,1157.49,952.06,812.63,728.29,725.85,605.16,554.72,544.67,561.31,540.47
245,32484.72,14412.22,5247.26,3066.27,2373.93,2143.63,2421.08,2011.26,1737.21,1500.82,1705.06,1386.89
246,5102.25,5255.76,2991.19,2128.56,2143.13,1670.22,1437.77,1346.58,1014.35,1061.64,896.04,742.00
247,17764.17,11415.45,5084.69,3259.59,2886.74,2636.70,1976.43,1357.76,1410.56,1573.67,1261.98,1073.53
248,22702.41,8904.60,6018.82,3847.29,3011.25,2481.64,2150.26,1804.70,1980.70,1745.57,1736.70,1576.68
249,11643.92,5675.60,4355.06,3079.69,2531.79,2144.32,1827.50,1373.34,1232.07,1016.93,911.01,905.12
250,3564.68,1762.21,1150.88,1241.35,788.90,765.66,957.77,730.21,652.28,670.42,635.84,610.26
251,4847.15,2090.90,1144.95,935.60,772.56,699.54,742.33,634.25,608.36,624.69,656.12,619.94
252,34080.66,12077.75,5257.53,3092.00,2707.80,2377.73,2321.87,2522.28,1756.63,1509.02,1866.08,1758.36
253,2642.38,4383.39,1797.25,1681.78,1.93,1.25,1.16,1.14,1.15,1.10,1.13,1.09
254,3485.60,2276.85,1529.34,1344.97,1140.03,1014.45,837.89,667.34,632.47,571.97,563.91,552.14
255,3554.83,2171.38,1283.32,1025.86,783.19,764.80,926.32,727.91,651.95,669.66,652.57,558.34
256,9262.13,2767.32,1694.28,1786.92,804.10,758.84,1.81,1.31,1.22,1.21,1.17,1.16
257,3345.33,2032.41,1320.24,1303.65,1041.10,906.48,796.34,654.82,601.13,574.00,568.10,548.77
258,3245.27,1583.60,1048.20,823.43,739.20,688.10,724.67,613.03,584.42,629.11,596.71,561.21
259,3071.49,4168.24,2175.92,2031.55,777.80,732.25,748.40,667.18,181.71,1.13,1.14,1.09
260,10471.75,4939.36,3661.05,1970.28,1865.54,1706.98,1341.54,1039.94,1038.39,972.57,850.18,738.84
261,44855.71,28396.83,11089.43,5058.73,2442.84,1871.83,1801.06,1357.26,1247.67,1127.24,1103.57,902.74
262,74623.57,29887.48,14322.19,6119.79,2613.94,1991.62,1633.50,1400.41,1354.11,1252.93,941.97,820.65
263,2508.37,1067.29,619.38,565.48,749.41,737.98,733.58,638.67,636.50,638.88,619.21,604.57
264,2887.41,1613.07,1055.01,905.67,748.74,683.89,728.93,613.32,557.55,574.19,563.30,534.70
265,2895.96,1497.51,981.95,818.36,711.69,644.18,687.53,598.50,537.42,542.20,556.78,539.94
266,4731.08,2123.53,1438.65,1347.42,860.64,780.55,796.00,661.32,646.59,642.88,647.37,621.42
267,6180.95,2603.09,2408.30,1637.72,1340.16,1254.95,1119.23,830.19,876.83,833.24,674.01,670.94
268,26733.56,14954.12,9814.01,6017.12,5145.04,3383.86,3144.99,2132.56,2085.68,2173.50,1581.75,1540.46
269,37049.82,19305.41,10538.42,7109.82,5016.63,3799.14,3084.83,2587.76,3165.84,3191.95,2024.24,1682.83
270,5764.03,3632.29,1858.89,1653.41,1403.05,1377.99,1044.71,923.76,737.08,733.16,664.88,657.43
271,16618.38,4737.13,3332.06,1945.47,1609.95,1661.14,1527.00,1041.33,1315.71,1218.48,999.42,1033.93
272,31261.65,15357.21,10932.44,7851.20,6669.68,3849.21,3071.98,2054.63,2148.00,1728.40,1566.73,1394.52
273,73099.42,37060.14,11863.97,8763.90,2665.81,1922.35,1984.88,1524.89,1501.83,1350.36,1234.91,920.24
274,4879.05,1633.41,1496.48,1150.20,852.53,791.17,1006.54,751.97,657.72,671.48,652.55,617.24
275,7103.55,6415.83,3560.72,2287.15,898.16,801.04,903.41,838.27,780.20,725.38,845.64,744.26
276,3743.54,2061.62,1646.36,1192.79,1053.62,898.44,754.98,708.83,652.04,632.95,662.35,605.32
277,37059.57,15323.48,6539.50,4107.83,3181.87,2569.53,2851.14,2660.03,2197.01,2275.83,2029.01,1761.29
278,2669.64,3710.43,1213.90,1248.69,466.63,1.25,1.16,1.15,1.15,1.10,1.13,1.09
279,3135.85,1646.39,1212.01,1175.01,813.23,709.61,687.56,596.55,582.10,566.11,548.65,549.20
280,3631.01,1918.05,1232.49,1137.49,828.37,734.65,750.91,666.47,587.90,616.46,611.04,555.78
281,2812.80,3458.56,2037.46,2077.85,767.46,690.28,621.66,1.16,1.16,1.11,1.14,1.10
282,6035.78,2969.37,1533.69,1335.78,1085.09,1081.52,888.35,683.40,688.07,661.87,688.20,648.57
283,9905.05,7136.96,3357.83,1834.47,2429.97,2203.59,1668.91,1522.00,1288.63,1045.52,818.13,783.26
284,23461.85,12036.95,8883.54,5020.61,4349.24,3242.94,2777.36,1841.10,1914.06,1886.74,1419.22,1467.43
285,30684.69,8434.50,3991.95,3139.86,1158.23,836.62,755.54,1.49,1.42,1.48,1.24,1.17
286,2491.58,4669.76,2151.87,2487.38,944.32,906.00,901.49,833.37,745.32,671.75,645.17,560.96
287,9827.51,3921.92,1560.05,1248.73,900.92,871.56,913.63,1002.49,862.39,875.93,1096.95,992.40
288,6565.64,9244.50,5093.30,4573.07,1650.10,1226.54,1047.29,975.25,1055.28,945.06,972.08,764.81
289,16272.64,10371.97,7656.68,5656.77,3924.90,3037.10,2549.23,1853.56,1805.24,1663.01,1304.59,1228.11
290,20733.43,7061.54,3619.01,3169.73,2042.81,1792.56,1642.04,1987.35,1814.97,1871.27,1551.87,1564.92
291,2892.16,1595.95,1037.74,888.30,781.85,700.01,703.25,602.46,551.35,541.18,560.54,537.08
292,14388.81,7829.40,4984.54,4159.13,2805.10,2291.65,2390.91,1776.75,1395.14,1230.62,1069.80,1054.20
293,4434.10,2019.63,1340.75,1285.69,825.91,740.84,768.86,654.75,599.09,617.58,630.13,596.54
294,6373.42,2738.10,1418.27,1156.14,835.18,798.61,1026.39,753.37,658.82,671.29,660.04,621.67
295,2395.67,1062.06,810.63,685.50,747.80,737.11,733.29,639.04,637.01,638.18,618.80,603.73
296,3412.72,2047.02,1174.30,961.07,896.41,864.11,857.09,676.99,622.34,684.23,699.27,555.16
297,16193.46,9906.08,5556.95,3639.69,2288.59,1655.70,1332.07,1112.92,1067.78,1107.47,751.70,677.56
298,12798.33,5618.10,3089.62,2868.76,1740.87,1165.48,1190.72,979.16,807.66,787.68,650.23,564.26
299,3192.94,1664.03,1247.98,1222.13,825.61,740.09,723.12,622.48,586.64,563.43,545.35,544.28
300,7156.46,6774.95,3081.48,2675.94,2217.54,1873.69,1628.88,1179.42,986.91,893.87,795.16,665.86
301,2479.20,1119.90,580.19,561.48,741.12,705.68,724.30,638.08,636.50,637.96,619.01,603.67
302,2551.37,1106.73,621.57,575.93,749.41,738.58,738.42,638.67,636.50,638.44,619.21,603.67
303,13272.31,5700.80,2018.20,1647.28,1370.29,1369.01,1124.50,1220.61,1044.76,953.26,1146.81,1036.92
304,5967.95,2322.11,1439.31,1146.31,850.42,781.06,854.76,654.45,626.65,696.64,725.92,739.34
305,3885.37,6368.58,2938.57,2576.94,796.30,769.51,816.20,653.26,641.60,645.61,646.14,622.01
306,4408.65,2290.74,1336.94,1393.96,1058.67,915.65,815.89,710.96,648.98,636.61,625.63,585.79
307,19607.55,18417.40,9487.88,7326.89,2478.59,1732.02,1582.82,1362.05,1260.69,1176.71,1072.63,891.99
308,9020.07,3356.66,3175.51,3030.93,1828.72,1654.10,1367.26,1216.72,1335.90,1362.14,880.77,924.43
309,20000.58,10501.31,7810.38,5084.63,3460.45,2954.57,2465.18,1710.72,1845.50,1686.60,1360.44,1293.70
310,3367.08,2332.64,1430.19,1426.60,827.09,774.52,851.92,724.42,653.76,667.74,645.43,609.95
311,2841.50,7108.00,3282.97,3006.85,803.74,763.53,812.19,751.16,703.55,669.42,643.38,609.96
312,6881.31,3671.44,2101.00,1443.81,1158.07,1064.19,895.36,787.86,734.46,714.91,806.12,699.89
313,2445.14,654.91,353.02,384.81,740.72,706.73,723.99,639.99,636.95,638.37,619.01,604.17
314,36489.78,27242.29,10652.37,7941.81,5226.22,4610.97,3590.04,4783.77,3518.71,3697.31,2535.43,2325.16
315,57909.94,27072.49,10990.79,8147.51,7543.13,4504.42,3342.54,3518.71,3275.93,3369.59,2672.18,2238.91
316,9852.20,4078.94,3382.42,2682.00,1957.32,1771.25,1548.37,1168.91,1115.46,1001.56,906.97,954.25
317,5009.94,3138.44,1826.93,1371.56,1124.47,912.67,887.38,766.70,667.54,680.47,744.86,636.62
318,6452.23,2667.98,1484.68,1352.44,806.05,778.90,939.61,770.78,714.03,610.51,1.14,1.16
319,3058.17,1821.25,1172.03,884.82,860.39,810.31,775.57,625.36,587.28,631.33,591.24,542.03
320,14410.22,11486.61,5425.34,3196.60,3068.08,2442.71,2102.65,1354.26,1280.89,1363.98,1193.29,1008.24
321,2651.85,587.65,321.67,299.97,741.49,706.98,783.82,653.82,643.03,645.05,621.77,608.16
322,14634.45,4640.04,3629.35,2497.19,1920.53,1818.12,1727.54,1204.56,1269.13,1221.65,1020.04,1164.91
323,5172.11,3411.00,1768.15,1399.30,1205.77,990.31,1006.83,878.68,685.18,649.63,720.68,598.84
324,3353.38,1963.32,1130.58,943.60,811.54,807.69,817.44,634.62,617.24,638.03,615.00,541.60
325,4217.28,6484.08,3165.87,3293.93,1055.41,769.70,753.83,775.23,724.08,752.20,671.46,606.19
326,5899.93,2488.43,1474.48,1323.36,854.13,819.57,806.80,668.51,655.28,636.31,684.71,646.59
327,3515.69,5240.58,2579.96,1410.95,656.48,1.72,1.54,1.51,1.36,1.18,1.16,1.11
328,5957.08,2591.26,1451.05,1116.50,932.15,892.18,861.92,675.89,654.54,679.09,744.67,719.02
329,17226.98,11260.76,7214.25,4773.48,1442.48,1.86,2.19,1.97,1.65,1.51,1.31,1.19
330,6680.38,3212.82,2875.03,1907.25,1536.10,1502.23,1311.62,890.72,932.44,878.36,735.24,714.56
331,3266.71,1580.53,1211.79,1201.85,890.20,821.87,750.32,628.80,622.18,605.60,583.56,550.38
332,5555.67,2659.50,1369.76,1029.62,907.20,889.34,889.70,673.08,649.74,675.60,771.39,633.20
333,2969.51,1687.78,1031.24,879.87,736.68,677.03,712.47,614.64,542.86,563.39,568.37,536.81
334,2466.95,620.69,492.16,374.58,744.98,709.40,723.01,639.58,635.63,637.40,618.80,603.56
335,22531.92,12314.48,4620.47,2498.51,2211.68,2047.68,1838.61,1820.12,1502.75,1228.18,1477.68,1138.59
336,48565.66,25611.27,11708.36,6634.47,5217.50,3819.97,3519.41,3852.82,3622.94,3824.80,3813.33,3303.39
337,5685.06,2666.87,1407.71,1141.63,865.05,853.79,825.55,658.23,647.57,642.05,693.74,635.92
338,3345.28,1797.04,1098.14,949.61,772.87,708.38,763.75,630.53,595.33,609.04,601.93,545.58
339,110966.86,41180.29,15379.43,11746.52,5484.42,2973.99,2361.73,2142.93,1789.31,1392.54,1333.26,1008.21
340,2821.28,1561.92,999.21,899.95,759.66,646.18,713.89,612.53,552.99,549.79,554.34,532.08
341,4979.52,2864.11,1695.85,1482.07,1198.92,1124.10,936.44,726.33,691.43,636.00,639.86,608.17
342,9774.57,9481.22,5241.34,3829.07,4024.06,2329.67,1945.40,1339.75,1241.54,1127.75,1035.61,808.40
343,21762.36,15055.42,8977.73,5072.47,4986.51,2911.31,1759.12,1907.29,1585.52,1291.61,869.84,687.43
344,4160.94,2106.20,1240.95,1023.47,850.35,829.61,838.43,653.81,634.74,638.11,640.99,591.60
345,3253.93,1964.36,1103.83,1012.83,869.46,706.94,763.07,691.64,607.64,646.95,605.12,594.30
346,6221.39,1943.18,909.50,585.13,1.94,1.35,1.32,1.15,1.16,1.11,1.12,1.13
347,21754.95,9195.31,7929.29,5123.20,3635.23,3045.65,2714.88,1769.60,1916.70,1912.02,1429.61,1451.00
348,2892.59,1400.13,1015.48,832.29,780.11,734.10,693.28,597.77,575.50,571.42,558.35,546.75
349,6882.45,5397.05,2514.15,2027.85,1804.90,1604.14,1438.80,1087.24,851.37,765.63,731.11,654.20
350,5987.88,2648.08,1520.33,1375.51,1078.86,925.37,837.24,711.11,650.56,632.43,664.61,640.65
351,3418.55,2417.50,1444.15,1000.44,983.28,804.09,757.12,704.27,596.65,600.05,665.80,583.58
352,22281.63,9737.00,6499.48,4504.51,3203.15,2441.04,2821.72,1754.34,1685.37,1883.85,1298.12,1246.96
353,2780.47,1368.32,991.25,978.74,846.17,669.49,671.74,616.67,560.95,548.82,543.24,530.52
354,4187.04,3999.72,2361.73,1613.13,1329.36,1131.02,1078.86,846.77,786.75,765.62,633.33,2.23
355,16839.00,4948.52,3567.90,2440.59,1992.59,1906.78,1642.41,1168.10,1401.98,1207.95,1008.66,1179.75
356,43394.58,23691.89,9176.97,4647.78,4377.47,3047.60,2848.69,2565.41,2349.85,2221.16,2227.90,1800.98
357,2479.36,1010.71,531.39,486.66,741.79,706.73,723.99,639.58,636.72,638.81,619.01,604.88
358,8349.40,2948.34,1361.78,1098.03,859.68,762.64,851.78,823.04,803.79,835.73,876.69,875.82
359,9122.01,5310.44,3195.20,2365.30,1645.47,1307.34,1373.04,1034.21,1000.91,937.57,710.63,654.43
360,19430.49,10035.22,2764.32,2211.48,1.68,1.45,1.39,1.27,1.25,1.27,1.18,1.14
361,5799.12,2495.18,1418.39,1109.63,815.72,795.56,1003.17,745.17,658.26,670.61,656.86,620.46
362,2678.05,3901.77,589.03,719.51,1.47,1.25,1.16,1.14,1.15,1.10,1.13,1.09
363,37803.55,15026.02,10853.01,7275.23,6926.95,4006.19,3444.50,2118.69,2297.75,2036.01,1646.70,1587.24
364,3143.44,3892.96,2234.12,2498.74,781.51,488.86,1.23,1.23,1.17,1.13,1.14,1.09
365,4743.04,1291.20,1156.89,797.98,844.14,786.09,1004.29,759.03,658.89,670.71,658.72,616.59
366,29914.24,14003.33,9275.17,6035.30,4048.82,3467.04,2855.57,2067.94,2627.69,3102.78,1661.33,1552.81
367,35174.48,11735.67,5176.36,2902.72,2678.31,2291.82,2115.12,2311.96,1694.41,1439.72,1708.88,1809.35
368,2487.38,645.07,340.14,318.16,748.03,705.68,723.99,645.37,636.72,639.16,619.23,604.45
369,6101.49,2536.03,1376.33,985.56,896.32,870.14,923.75,677.21,686.48,773.89,727.20,716.21
370,6477.97,2299.02,989.13,639.87,1.94,1.35,1.33,1.15,1.16,1.11,1.12,1.13
371,14328.40,10105.83,5561.84,3431.57,1753.84,1272.99,1264.68,999.64,1104.66,1043.68,868.43,745.16
372,3699.21,2505.81,1762.60,1358.32,1078.94,861.73,789.53,701.33,619.61,617.67,662.36,591.99
373,2879.93,1754.38,923.81,905.18,749.44,708.77,894.25,673.80,644.06,649.26,632.62,606.90
374,50581.32,24511.49,12471.74,8115.54,7366.42,4180.57,3647.61,2858.05,2925.97,2298.81,2223.53,1914.21
375,11437.55,5982.76,1957.88,1401.83,1210.52,1187.39,1139.82,1144.34,965.69,915.47,1146.84,1032.20
376,3919.68,5229.12,4083.40,2471.14,811.57,1.39,1.25,1.25,1.18,1.14,1.15,1.15
377,15396.21,9390.66,4951.23,3161.10,2573.10,2528.18,2313.99,1684.85,1340.77,1231.99,989.46,865.74
378,5043.19,2685.65,2344.49,1685.89,1316.96,1255.54,1037.10,785.67,871.80,767.55,630.74,580.48
379,2631.24,933.49,693.88,538.22,751.63,707.90,724.26,646.70,635.63,638.38,619.02,600.77
380,2839.29,1707.76,1091.28,886.90,795.22,722.86,717.18,601.96,569.89,550.50,555.76,537.24
381,14007.62,9334.20,4948.76,3348.79,2582.86,2193.68,2003.69,1336.50,1250.02,993.17,924.93,750.07
382,12428.06,5447.10,4442.35,2900.33,2329.97,1929.80,1580.14,1274.69,1189.42,1036.04,1032.77,1043.71
383,8267.82,6346.58,3764.77,2718.32,1988.66,1545.41,1504.79,1130.82,1040.55,1105.98,1023.53,783.90
384,31338.69,13449.22,7640.73,3358.94,2897.38,2350.84,2564.06,1910.10,2043.24,2132.54,1709.02,1491.72
385,3255.55,3691.26,2021.99,1747.68,840.68,754.90,872.50,794.64,202.41,1.16,1.12,1.10
386,29629.71,23531.69,8560.13,4418.95,4857.33,3131.99,2552.05,2389.98,2197.43,1924.49,1925.17,1389.04
387,4181.70,2427.61,1587.95,1233.90,1134.85,1088.08,898.56,690.36,667.99,656.14,615.66,571.77
388,7509.92,3595.66,1922.92,1749.58,1313.25,1299.52,992.78,767.06,778.39,685.50,691.34,654.19
389,11631.04,5483.34,3958.89,2466.12,2053.95,1879.67,1899.44,1255.05,1153.52,1035.67,930.44,829.75
390,2897.92,1569.42,1091.76,1072.82,774.50,630.50,660.77,592.97,549.83,548.38,545.04,531.38
391,20396.30,9109.93,5673.07,4874.79,1411.87,677.41,2.13,1.94,1.65,1.53,1.28,1.18
392,10445.31,4839.25,1724.04,1326.62,1179.74,1172.55,1044.97,1027.11,933.63,909.68,1120.32,1007.00
393,2998.18,2077.25,1129.24,799.90,775.56,725.46,750.17,689.83,644.50,658.31,639.88,604.06
394,4655.64,3065.30,1536.84,1195.30,1133.72,964.10,1137.60,959.10,682.06,655.02,718.28,620.59
395,38361.26,8890.85,5188.71,2732.65,1671.04,1319.56,1464.16,1034.98,1039.83,1033.79,727.89,574.95
396,9039.50,4882.13,2605.98,2068.32,1339.03,1120.65,1338.09,969.31,796.19,766.18,664.70,507.32
397,6200.62,2347.55,1869.68,1662.83,838.72,767.40,1.79,1.34,1.20,1.18,1.16,1.15
398,11519.94,4322.05,3326.88,3056.48,1137.94,783.58,1.55,1.48,1.34,1.36,1.19,1.15
399,16586.95,4611.92,3172.77,1883.64,1504.01,1411.51,1408.57,1153.59,1299.71,1200.26,1036.92,1153.18
400,4035.83,1804.24,1158.98,1107.49,798.57,691.36,729.20,633.73,600.89,624.83,619.75,589.12
401,3147.67,1596.74,1225.83,1187.74,879.12,823.63,753.05,644.07,610.48,590.09,574.19,549.26
402,4356.42,2017.91,1315.84,1298.09,869.89,846.86,770.58,663.95,656.96,641.73,629.76,583.09
403,2450.04,2984.28,991.79,1238.61,740.72,704.34,724.30,635.89,637.10,568.94,1.18,1.09
404,39311.52,20180.24,13928.00,10026.39,7983.58,4369.08,3550.18,2553.12,3228.37,2753.05,2516.03,1980.64
405,2819.69,1163.29,737.88,622.95,749.78,739.68,824.21,674.99,644.06,649.97,627.10,611.79
406,3440.49,2823.29,1435.10,1111.68,801.47,769.94,871.38,752.93,706.23,669.49,644.28,612.58
407,4374.01,2747.48,1504.34,1107.84,1011.41,839.05,782.89,740.27,615.14,609.06,672.10,594.60
408,6639.41,3365.37,2908.60,1957.58,1544.21,1466.23,1359.07,938.03,954.50,843.42,712.48,711.41
409,8200.11,4887.32,1651.06,1611.51,1345.34,1231.35,1060.21,1323.55,952.31,981.18,1057.13,1010.66
410,2788.49,1215.60,938.51,799.47,709.00,636.86,631.47,585.52,559.22,551.98,552.58,542.40
411,12505.95,4909.15,2510.62,2177.67,873.50,764.96,1.88,1.32,1.24,1.26,1.21,1.17
412,2459.30,594.35,394.72,369.63,741.12,705.07,719.13,617.96,179.53,1.10,1.10,1.09
413,20490.84,11669.90,4623.65,2785.74,2289.08,2112.71,2080.84,1662.19,1532.33,1255.42,1388.22,1062.92
414,5990.07,2880.50,2572.63,1790.65,1488.71,1379.55,1179.45,848.03,925.01,815.46,664.92,653.44
415,4341.93,2039.36,1283.78,1267.85,1007.79,904.53,775.46,667.44,648.08,641.21,625.81,562.83
416,4788.63,1708.37,1124.23,827.06,763.73,765.81,802.86,560.58,1.17,1.15,1.13,1.15
417,3287.82,1655.44,1024.40,882.63,747.08,683.33,722.42,616.97,587.15,619.06,595.18,545.55
418,113878.49,45516.68,17458.50,12128.62,5561.63,2785.98,2247.19,2020.77,1679.11,1356.31,1317.84,947.01
419,8372.96,4672.20,4029.24,2735.66,2382.69,1926.70,1508.11,1220.78,1115.70,998.42,880.53,889.47
420,4857.16,3150.52,2690.15,1800.98,1554.40,1501.83,1191.94,883.96,897.51,769.48,694.23,568.54
421,15675.07,15424.01,2931.77,2482.64,1.72,1.45,1.37,1.26,1.23,1.23,1.18,1.14
422,5699.31,3204.08,1714.43,1356.57,1295.61,1133.79,1060.52,842.87,780.22,766.08,658.44,640.68
423,2872.98,1217.07,691.78,608.75,746.80,740.02,750.72,572.02,1.17,1.12,1.12,1.10
424,55762.79,25177.01,10532.98,6854.54,6823.49,4056.37,3209.36,3207.82,2813.68,2354.88,2499.42,2103.80
425,2860.25,3982.55,1231.12,1481.22,771.53,719.58,736.26,685.85,643.24,653.20,614.64,1.20
426,17399.88,8119.94,4814.52,2954.63,1468.35,1204.58,1220.12,953.47,843.18,873.98,638.07,504.32
427,7611.75,5211.95,1925.13,1017.97,2.04,1.38,1.34,1.24,1.18,1.15,1.16,1.13
428,2836.67,1110.49,632.09,595.65,747.17,734.64,894.21,674.40,644.28,649.48,632.80,611.04
429,5360.11,3135.71,2553.91,1694.88,1429.26,1497.51,1134.66,808.81,926.27,817.19,673.18,581.69
430,5892.60,4699.62,2182.97,1799.43,1574.75,1308.72,1432.39,1314.63,911.04,1204.38,820.77,686.31
431,29051.02,12948.69,5960.91,3401.17,2972.41,2153.19,2452.11,1769.97,1793.95,1764.03,1377.41,1175.69
432,3316.80,1735.76,1252.02,1221.43,812.52,764.75,761.06,633.14,593.83,558.72,562.40,551.89
433,6679.42,5854.22,3255.65,2467.69,1704.68,1530.73,1427.29,1136.02,1050.60,1177.69,981.38,771.53
434,4011.25,1862.87,1114.72,992.95,765.01,697.89,757.11,640.49,606.58,613.83,635.27,591.01
435,4344.08,2718.98,1456.35,1104.47,1031.99,831.75,778.53,749.50,614.86,610.10,673.46,593.01
436,2556.03,1539.83,1049.01,973.24,755.94,750.00,755.52,638.93,635.97,638.60,598.77,469.07
437,3996.15,2654.49,1639.49,1363.79,1348.08,1273.31,930.06,728.33,687.75,635.15,586.80,554.67
438,2741.22,1646.01,880.19,638.40,1.94,1.33,1.21,1.14,1.15,1.10,1.13,1.09
439,78750.07,29758.31,10831.88,4183.72,2003.48,1436.21,1548.53,1129.02,1184.97,1082.32,903.37,765.45
440,2452.87,539.49,354.61,322.72,740.72,705.07,723.32,629.99,630.22,1.10,1.10,1.09
441,10064.68,5367.60,3197.21,2268.75,1040.69,970.77,1164.73,942.57,808.62,778.98,672.01,648.47
442,3038.56,1324.04,1073.92,1028.90,774.05,649.27,641.69,588.20,554.42,553.37,545.34,545.81
443,6468.92,1684.08,1121.50,774.04,753.19,761.69,903.92,652.79,641.68,1.13,1.13,1.13
444,15546.30,6063.88,3986.84,2856.88,1200.68,1102.75,1312.91,976.01,813.90,799.75,644.77,505.96
445,3710.18,1676.76,1041.63,877.21,749.09,681.63,725.21,620.94,590.92,610.44,602.49,556.17
446,23465.17,11310.94,3116.95,2295.57,2118.41,1968.75,1566.60,1746.21,1274.58,1111.42,1447.58,1244.82
447,5477.96,4184.74,2320.03,2000.67,1769.47,1271.28,1258.70,994.68,795.32,845.31,735.40,649.86
448,2494.10,3239.99,1021.28,1262.21,741.79,706.00,723.99,639.45,637.35,639.08,636.32,606.69
449,5591.63,2441.57,1469.71,1342.12,853.84,781.96,815.94,655.81,641.11,635.15,658.88,634.41
450,7359.34,2687.28,1547.89,1096.58,977.76,920.43,930.96,696.79,692.51,856.15,772.14,771.98
451,3274.96,1662.42,1248.44,1089.72,795.50,728.49,718.82,607.91,561.18,594.24,574.46,553.16
452,35331.19,11900.23,4872.94,3012.98,2664.03,2192.39,1971.09,2191.86,1730.85,1517.99,1821.89,1905.00
453,5435.30,2423.59,1264.45,1101.74,888.07,800.21,859.30,679.43,650.26,673.81,722.40,696.81
454,71282.69,34548.37,13928.63,9570.46,9177.85,4645.13,3830.50,4164.57,4043.19,3827.45,3911.97,3205.78
455,3975.44,1964.94,1128.82,1008.72,849.64,711.89,779.33,686.05,610.93,612.90,616.81,585.51
456,6500.21,2645.72,1525.44,1347.59,1090.41,955.27,901.95,696.73,700.41,765.34,715.66,734.33
457,2740.09,1763.43,1086.67,900.69,822.26,743.35,799.43,653.92,569.07,559.39,556.06,536.99
458,10747.38,4807.32,2338.37,1792.77,1648.87,1382.20,1277.53,998.81,857.09,840.58,911.30,815.32
459,8361.18,3446.30,1734.64,1424.10,1314.13,1144.98,1373.34,919.97,795.04,786.66,694.44,656.11
460,8291.83,3330.84,2112.16,1692.08,1098.17,1056.02,1338.26,973.75,773.64,724.12,690.33,646.90
461,2587.94,741.34,649.35,443.94,462.96,1.25,1.16,1.14,1.15,1.10,1.10,1.09
462,34521.74,8869.95,3442.57,1929.12,1540.22,1264.39,1436.09,964.21,1028.92,1000.64,728.77,574.28
463,48403.17,25551.40,11721.09,6755.07,5241.33,3811.09,3489.25,3834.35,3703.97,3775.19,3779.43,3222.65
464,3278.75,1302.27,1011.51,954.67,777.04,727.60,800.04,705.44,650.47,664.91,625.50,607.50
465,2395.80,1065.01,477.59,470.23,740.72,706.00,723.99,638.49,636.79,637.96,625.03,604.29
466,6148.16,2983.82,2672.92,1803.73,1464.71,1444.01,1269.57,845.43,922.51,813.49,671.47,654.91
467,9208.47,5418.15,2658.56,2202.60,1933.72,1797.17,1344.95,1056.35,933.40,789.71,800.25,661.70
468,15921.03,7009.25,4033.12,2867.67,1086.88,994.60,1307.90,979.57,810.54,784.98,652.03,509.42
469,60440.42,28446.15,13245.09,9142.68,7754.48,4573.03,3703.90,3757.03,3623.43,3416.42,2813.09,2287.73
470,4083.34,1600.39,970.39,1046.47,838.18,655.76,1.28,1.28,1.18,1.15,1.12,1.10
471,13846.95,4619.87,3649.62,2595.86,2029.36,1786.22,1697.42,1111.11,1152.31,1136.31,902.58,1078.56
472,60094.25,31181.21,15549.03,10304.81,8584.29,4670.96,4066.28,3430.15,4318.54,3754.49,3723.51,2732.28
473,51822.12,15956.74,6716.51,3804.69,3944.36,2816.57,2250.92,1854.11,1419.04,1149.65,878.48,734.42
474,8119.27,3486.64,1593.67,1498.68,1086.91,1058.03,1004.22,1116.00,936.32,966.93,876.25,895.96
475,7327.60,8035.17,4170.53,2584.29,1063.62,958.88,1060.71,936.90,832.62,740.54,851.63,746.70
476,6066.06,2836.51,1511.21,1411.34,1052.24,954.93,843.54,688.56,661.07,639.20,691.51,648.63
477,40442.34,20219.98,14607.27,10128.38,8152.03,4487.77,3755.56,2586.01,3262.34,2786.86,2643.66,2134.32
478,10041.69,5751.51,3744.85,2407.02,2028.83,1806.69,1480.09,1130.61,1109.49,885.22,827.26,685.99
479,116726.99,46621.60,14743.34,8814.06,9.24,2.56,2.52,2.20,2.01,1.70,2.00,1.50
480,2841.69,1450.45,968.55,839.65,728.78,629.73,645.68,589.83,549.89,541.53,545.45,542.52
481,2852.47,724.67,630.61,469.40,751.05,740.52,825.58,673.10,644.51,648.35,626.26,608.66
482,21324.13,14309.55,10838.21,7069.41,4788.87,3509.30,2963.52,2339.44,2673.16,2667.52,2211.21,1815.06
483,2678.97,1566.40,936.71,919.72,789.96,754.30,767.97,648.73,640.34,572.53,1.14,1.09
484,17844.50,5560.93,3712.10,2681.85,1992.64,1958.86,1766.68,1343.59,1468.14,1298.91,1136.19,1204.77
485,46665.74,20268.70,8264.35,5730.84,3843.84,2839.26,3256.97,3362.53,3195.05,3757.23,3224.18,2669.23
486,4040.40,2923.65,1650.85,1516.40,1331.04,1115.25,945.12,777.80,687.70,672.42,613.00,611.28
487,3079.95,645.00,387.78,379.60,773.74,721.88,798.83,705.38,650.24,664.91,625.27,607.78
488,3585.40,2711.06,1573.15,1099.10,1043.47,875.47,828.46,739.84,601.73,627.81,691.39,583.36
489,25517.23,10305.80,6088.47,4030.11,3004.20,2404.37,2600.38,1698.94,1571.18,1490.68,1244.28,1284.63
490,9799.51,6049.09,2674.00,2040.74,1824.24,1734.38,1534.71,1061.44,929.97,832.35,838.02,703.46
491,10383.81,10435.86,5642.04,3137.83,1765.32,1728.44,1720.11,1245.14,1062.72,1008.17,766.24,730.98
492,4172.62,2114.73,1229.25,994.10,828.01,832.89,831.10,667.24,625.69,639.82,654.47,588.72
493,2969.42,1702.74,1244.75,1316.62,934.45,867.99,767.76,793.13,625.72,648.51,547.67,567.78
494,2548.48,1136.91,748.17,732.65,750.86,708.80,724.26,647.16,636.19,639.35,619.02,602.75
495,31481.00,11528.92,5797.30,4728.57,3106.48,2661.72,2611.16,2191.55,2249.73,2065.60,1608.76,1422.21
496,2776.55,1280.03,965.82,898.22,738.99,626.48,669.59,598.80,551.67,548.06,543.34,531.94
497,6549.39,7625.75,4255.15,2799.86,2786.41,2160.80,1679.97,1252.13,1064.03,1010.02,922.18,762.09
498,25911.27,9872.46,4830.69,3497.40,2442.78,2184.37,1961.11,2229.12,2147.56,2251.20,2343.05,2130.24
499,6189.79,3047.55,1584.24,979.36,1006.26,920.17,857.83,787.65,665.42,688.13,750.43,642.36
500,72570.92,28158.54,10760.72,3986.22,1926.81,1385.47,1463.42,1074.97,1143.36,1071.03,890.81,751.58
501,27929.78,15309.52,12628.45,9416.46,7834.70,4219.28,3459.15,2515.23,3108.90,2776.81,2296.11,1698.66
502,3228.71,2917.67,1672.13,1439.34,1588.27,1624.20,1265.20,1052.09,986.81,904.79,692.69,620.26
503,2518.73,4637.36,2015.97,2012.03,750.82,709.14,731.51,639.46,637.14,637.14,636.10,601.13
504,2997.71,3883.63,591.21,756.09,1.49,1.25,1.25,1.18,1.16,1.11,1.14,1.10
505,2792.86,1291.82,962.03,891.08,733.54,642.96,665.24,593.25,564.48,550.09,555.25,537.10
506,30989.78,13056.21,6471.31,4073.59,3006.31,2461.62,2637.65,2067.02,1853.09,1534.56,1460.95,1459.83
507,35832.55,22274.47,9950.21,5671.37,5221.13,3413.85,3132.22,2993.19,2464.03,2241.85,2182.01,2001.53
508,30520.14,11317.92,6016.59,3213.06,2936.54,2354.89,2453.49,1721.58,1968.00,2092.93,1489.59,1295.25
509,2747.16,2041.18,1070.45,989.74,755.64,747.06,790.45,630.63,632.52,1.10,1.12,1.09
510,3061.06,1518.87,1164.68,1033.94,775.36,658.61,658.74,587.66,556.92,555.99,546.09,548.40
511,3224.52,1700.92,1062.79,968.12,792.60,686.53,750.50,624.52,591.29,621.35,602.17,536.95
512,2970.04,1772.28,1092.72,900.11,800.65,740.13,790.68,622.32,567.58,544.40,570.05,543.76
513,26404.77,11809.72,8447.22,5062.87,3721.66,3193.79,2791.70,1853.60,2152.41,2211.00,1569.25,1571.39
514,10065.02,5412.37,4183.42,3151.21,2552.97,2140.72,1875.88,1525.09,1214.13,963.01,922.44,924.80
515,5568.99,2229.57,2234.01,1786.24,1383.70,1179.68,1063.42,856.45,878.04,834.77,642.26,677.58
516,24530.74,19361.83,5466.33,3269.47,3043.93,2604.09,2180.74,2056.89,1653.97,1641.69,1849.62,1401.41
517,3885.72,1832.04,1461.76,1055.05,804.56,707.50,1.31,1.25,1.17,1.14,1.11,1.09
518,14886.73,7689.56,2337.66,1724.10,1672.63,1381.69,1263.62,1284.39,1089.06,982.36,1184.11,970.32
519,2950.13,1589.73,1058.13,905.88,747.08,686.74,730.71,612.77,556.27,552.23,558.67,540.21
