indices,,,,,,,,,,,,
1,10085.52287,6112.574452,2483.384551,2075.109824,1788.145311,1288.844837,1441.269549,1124.482826,968.3257082,997.6128365,1014.340946,1003.281024
2,4079.266439,2653.743789,1039.914143,1016.493973,985.7029641,819.6986823,796.4333666,678.3495706,674.6507173,706.7442937,664.1924523,625.471328
3,4018.308944,2967.090504,1050.447882,1007.726922,974.5298483,807.6577051,891.3454991,844.7594824,707.9936628,762.7449697,748.2726587,646.5328232
4,5722.036594,6131.195784,2962.105724,2235.542361,1726.374597,1156.452406,1044.0667,890.4223862,928.7615963,935.4212437,816.8811197,747.720844
5,4135.11192,1871.62892,1023.79789,1028.870455,890.4714138,779.3011534,756.2036069,647.5245727,655.9208997,633.8687581,540.4625437,549.0092506
6,9307.503319,2996.682798,1729.367913,1589.042618,1373.667994,975.05873,1226.77735,910.776364,900.2279556,947.7263639,908.4142588,941.5901051
7,8907.815057,4692.876001,2227.125129,2208.395793,2031.806027,1702.005769,1487.018393,1311.85257,1416.732023,1407.291016,1264.156333,1165.58813
8,3968.918601,1544.496212,996.4397884,990.4055379,899.5484737,793.5881062,904.6593049,836.9481048,710.3946036,756.5827185,746.8999848,680.2096301
9,8144.321524,3951.732111,2028.915662,2014.989715,1680.051394,1290.856807,1264.426354,1228.332714,1207.390401,1064.316281,917.770634,885.279831
10,5849.691428,3902.646884,1754.241178,1769.485941,1323.44577,783.8516254,962.7262247,694.1174797,627.0923705,736.4393411,699.490494,736.9411387
11,122027.1648,61155.39471,22709.18773,9082.283141,-4404.897221,-7392.226881,-7425.767949,-6186.120452,-5947.910977,-8226.837614,-6615.894384,-6503.067077
12,3935.400337,2536.364927,985.5125054,982.1634247,909.8849969,779.0885991,776.3092626,652.1161158,648.9529953,689.7686978,577.3026782,555.8581789
13,56322.89819,26235.61267,8872.678796,4044.119834,2984.316602,-3263.308921,-2762.772015,-2713.066922,-2637.640164,-3674.767896,-2988.622031,-2990.499699
14,4017.939955,1823.295817,1002.023898,997.3705194,940.3791339,962.2471662,815.6237037,726.734518,687.8338681,758.4362771,693.5120418,695.0344528
15,2783.322336,1560.757941,699.0974995,693.963035,662.320431,685.5082516,681.9118514,648.8108953,583.2957086,594.1294947,579.0651144,544.6826443
16,5023.66115,2427.177452,1247.342036,1232.198915,973.618618,737.7902309,854.3244233,878.2299032,747.8813106,669.5068319,676.607916,687.187257
17,3504.432019,2058.66328,879.0612843,871.4829387,862.6907227,863.8890788,786.035356,661.2859283,658.6709857,696.8165469,657.1267718,653.0563337
18,3472.64818,2097.304393,908.3544621,868.9156379,810.5755799,698.2750959,774.7910967,732.0866981,626.3874243,646.3724091,604.5589272,547.5104159
19,8781.73032,5239.404586,2214.224619,2178.855087,1992.48741,1694.396749,1450.955431,1298.064858,1404.859447,1397.060819,1158.548149,1101.058129
20,3537.32373,2341.772752,893.7706742,878.4583461,872.5839495,863.3027339,757.7404036,681.8015797,621.4738425,696.1610949,657.5952663,649.8079554
21,2858.259322,2021.856392,767.6419522,716.0108927,716.4360942,714.5900171,681.9872027,640.230472,589.4789431,642.2673148,603.7730402,571.1997971
22,3974.664561,1555.156794,1001.337202,987.2575657,899.1631514,790.9595887,901.7779319,836.3637718,710.9207245,756.8020271,745.6432386,679.3752804
23,8379.304066,4322.031621,2103.745989,2077.601944,1964.964632,1619.675723,1648.652319,1443.894607,1315.123919,1355.024448,1366.205357,1217.37286
24,5538.867173,3385.171743,1389.273519,1309.758067,1074.500691,824.5988373,999.6631193,1007.215529,826.7228602,736.8203738,746.8054446,730.9395629
25,46884.9682,22168.94059,10967.75816,7078.069391,5738.126165,1276.91317,-387.5585863,241.5967037,664.0243687,-405.9713782,-868.6105346,-1338.988819
26,2875.529866,1881.651169,776.6652942,721.0823456,716.8234343,700.5449345,671.0004625,649.5170904,542.8245659,593.5182213,496.0028855,351.6390845
27,8487.125508,4791.051721,2175.062345,2117.329781,2024.951058,1656.350238,1440.105861,1266.258466,1369.22625,1436.976403,1270.367017,1195.647637
28,10820.10466,5044.561547,2488.757526,1994.460328,1721.045488,1169.41492,1478.89831,1124.21545,983.129687,983.364779,1051.641919,1014.072455
29,37911.56762,25272.65384,9423.341223,7634.457768,6638.598531,4451.678032,3863.791608,3437.759895,3385.96191,2988.150557,3029.675872,2928.388722
30,3630.584553,2221.598149,1028.704755,967.6690616,1010.66979,879.5488736,771.4641427,687.6671712,624.2561173,690.806994,671.3744966,651.8058927
31,52306.1125,33038.91612,10111.35182,8814.381422,8109.211086,5000.17843,5081.754025,4571.964234,4622.356634,4014.97006,4167.243421,4008.340557
32,11371.80872,7479.766112,2877.451457,2826.156055,2797.007016,2671.154686,1819.994836,1828.053953,1827.448329,1772.666373,1701.833151,1555.118549
33,22784.66992,11790.70492,5709.406842,5298.800929,4322.545009,3012.013872,2464.068333,2467.367076,2484.944801,1794.958263,1920.341917,1754.03321
34,4117.030125,1914.413365,1028.791782,1022.186927,959.587118,913.0638575,824.1362131,726.1238759,687.1326895,740.0264074,699.9382752,693.6295893
35,3635.875758,2881.659012,1747.794994,1296.207755,1021.749931,879.6179226,803.0153689,755.7302171,636.0502847,719.5983018,689.0955292,669.1333781
36,33212.71066,21060.80673,8765.60402,7977.306926,7382.72515,4602.973355,3627.242422,3879.796487,4276.431969,2683.343819,2865.191043,2675.620944
37,7398.001377,3420.53609,1666.770345,1349.566711,1143.576947,806.0059184,1075.142293,797.6082811,729.7226913,801.1473689,774.6759704,830.1248835
38,4348.468293,2061.649986,1082.061118,1076.266682,929.7085692,847.2445387,918.9261816,846.1195316,719.7631758,754.7020304,686.5864927,646.3697987
39,3912.655924,2083.88055,976.5091979,972.0818122,942.7137864,791.2200958,891.8017567,841.2368315,713.5254341,751.8939553,744.8602667,684.1848776
40,4804.199719,2967.761138,1207.091735,1191.112444,1112.095289,956.1730731,936.9508214,797.1291597,792.2986541,832.3789843,724.3640942,696.525992
41,3808.11166,2085.6627,949.6705742,952.2828551,869.7382246,755.7512829,847.8832805,796.2654856,679.0360776,672.4156465,614.9672015,573.8483007
42,3514.64109,2310.061053,883.7668909,873.1287486,865.9569632,867.4302406,774.6922399,686.0300838,651.8194397,708.9983028,662.6766474,661.2879623
43,22694.12847,10520.33624,5390.203558,4040.635594,3576.341339,2235.82234,2351.981021,1934.836032,1938.734136,1688.625542,1813.684899,1714.653066
44,6018.33357,3030.633479,1496.823654,1402.125369,1155.891219,867.2617754,964.3776212,800.2316287,756.4300657,773.0183771,718.5785202,748.5185859
45,4476.700786,2139.741798,1132.211903,1112.892496,1004.939313,875.1269358,930.5735594,762.7942161,745.3699895,792.9614794,669.9076794,670.83685
46,7016.29613,4787.15825,2015.2679,1361.145864,1263.391883,1587.009293,1454.867498,1286.268706,1222.577449,1397.125203,1255.896329,1207.222222
47,7328.529256,4773.520086,1874.004069,1411.625908,1104.458368,907.8622235,1051.405696,843.1354681,780.602251,818.2620175,769.7214057,825.2709837
48,24726.18391,12518.80218,4225.356321,3568.322568,3409.97544,1404.077736,-973.9293199,-1185.80341,-1127.170904,-1146.321422,-990.8752965,-1045.409603
49,11878.14822,5281.856886,3028.320622,2759.498882,2138.367119,1614.503218,1642.436043,1489.182656,1332.966688,1030.776649,1104.183896,1069.515953
50,3559.177831,2036.701225,944.9375899,890.3178244,919.8667326,880.6798752,837.775662,736.5130607,828.5429029,838.6723901,807.350115,813.3763676
51,16220.12897,9744.73251,4059.396858,3983.465369,3296.504875,2237.389088,1822.70041,1947.058728,2138.823912,1498.905893,1465.724651,1399.009702
52,2903.740174,1319.71981,730.5154624,726.3221018,691.8087279,702.1846225,671.1822447,655.4716836,542.1536025,585.7926874,571.5808088,544.980989
53,51001.53518,32213.81031,9110.91379,7719.839231,7808.34828,4722.429435,4868.344652,4452.012897,4490.21078,3894.300645,4060.801481,3906.508813
54,13271.09654,7160.571664,2954.349914,2624.502192,571.0367401,-149.144195,-14.63076555,131.8954049,35.67658701,-435.7428249,-272.018317,-254.1957478
55,9863.301172,5757.847204,1759.915224,1532.889736,1508.453501,1016.397768,1404.264142,1080.818799,998.6489778,1099.983518,1030.852317,1118.179815
56,4412.404981,2605.137001,1168.04432,1097.68254,999.2162303,719.3730107,869.4837114,887.24861,777.8086526,783.5693699,669.4384649,661.4473698
57,4511.919924,2720.785504,1140.948864,1123.22552,1084.183639,914.2941578,899.9479956,760.2146106,753.4154308,816.2057092,750.1177099,724.5564667
58,4456.377446,2550.617801,1126.176684,1106.832629,1029.912466,887.7503115,806.3667872,693.4865212,714.512604,741.3421736,699.465682,639.7760219
59,5676.683359,4024.173835,1438.908994,1412.974801,1400.379001,1389.17471,1142.976825,1033.551863,1004.914319,1042.952888,963.3063353,954.3568696
60,8925.777916,6315.290351,2455.54162,2246.059065,2025.440676,1697.473461,1562.950744,1353.458927,1373.915971,1224.164855,1020.344182,940.4614006
61,4214.926923,1814.871415,1046.337706,1047.218203,961.8314846,835.1522783,951.3469937,887.1247011,757.9957966,784.5462417,737.9352616,674.800538
62,4975.894828,3019.447899,1242.716708,1224.351342,1024.539756,746.5388719,903.6337655,944.8001998,812.0670667,702.7049169,687.835608,696.6332952
63,4331.539542,1790.301074,1091.721377,1082.825718,926.525298,836.5373098,969.3695761,887.008658,766.5862892,772.6172782,691.8311433,662.5660692
64,3466.283966,2110.152193,878.1466807,862.5745257,855.4258775,861.7189076,789.1333834,738.2598109,653.3227709,715.0181313,667.5547802,664.9466738
65,3803.308369,2995.721135,986.0108411,946.9957132,586.7988781,412.4184039,163.0880209,151.8813694,184.677282,156.6130414,118.1214503,132.8550968
66,4406.136828,2415.373572,1152.681021,1104.239045,1020.860065,872.0350248,809.585794,686.8687896,719.8973765,733.7716392,587.6620414,561.4600544
67,5251.276045,3123.316819,1342.72885,1311.12779,1296.537511,1281.078581,971.812954,880.5446078,906.9505376,976.935332,867.4035304,856.8723615
68,6846.275229,4073.20246,1839.757989,1717.898788,1768.390386,1663.990613,1253.16752,1148.702851,1229.638864,1284.693008,1142.116566,1142.065981
69,6694.173745,3724.430996,1735.296854,1364.919597,1306.078871,872.9387982,993.5789689,757.4014885,677.0968915,729.7117542,701.7955818,756.091303
70,2974.042714,2147.907657,788.0543935,744.6733617,745.4540443,745.1058654,738.1284037,739.0046405,731.5905639,706.9513601,704.9399367,686.7549304
71,3464.123208,1527.265281,876.8802968,866.3949124,760.6105847,676.8269793,781.6519968,716.8770946,607.5947904,589.1605076,225.5053051,151.0457725
72,4357.011646,1777.622629,1079.378649,1078.282402,920.8862162,823.6349893,934.5391605,884.1580704,766.7008369,758.096543,680.8454143,660.3197529
73,7700.986883,4760.282617,2104.423421,1918.801314,1829.373927,1266.53218,183.9812607,127.861857,228.8562033,248.9149797,170.8859458,122.3341542
74,4080.618598,1909.045288,1019.632949,1023.31037,930.7857575,783.3874594,775.8759627,652.7231414,667.3660177,688.4548805,541.0272558,567.9312878
75,2938.486871,1236.447746,740.5938508,738.1690804,733.6558197,701.3039311,662.3225804,658.8730121,548.827508,590.8643966,572.7170888,546.1858157
76,7207.833634,3592.581141,1811.957929,1779.847004,1563.283225,1373.819088,1515.940873,1474.493414,1216.082022,1144.664365,1137.422633,965.4401821
77,3487.659324,2016.05292,876.2813108,866.7892079,857.5597133,850.0478971,811.8896682,792.2668997,658.5607637,697.5024385,685.8033768,658.3087041
78,15220.30502,6785.735654,2959.635999,2596.692712,2197.426545,1521.502784,2022.008677,1582.571526,1374.763008,1302.741346,1359.514715,1373.419798
79,3535.968671,1211.306816,891.7247984,881.6279981,769.1380224,694.896891,797.2895898,736.7445027,627.0994795,641.8126124,574.4082912,542.0629574
80,7763.324486,3547.710696,1734.456481,1352.656319,1186.863843,833.2838203,1236.177076,913.9176689,788.328164,908.5062668,925.6319925,970.0553995
81,12328.50834,6820.295257,3083.834254,2869.101672,2228.035339,1678.086554,1731.485188,1520.200204,1256.295082,1172.184337,1237.063963,1163.772047
82,6396.141162,3033.633773,1767.84071,1411.595298,1275.617163,828.4765221,982.7782731,723.6656881,645.1087047,754.079918,724.4204781,764.0495085
83,7219.257984,4668.276146,1832.710406,1796.074675,1768.702722,1592.072927,1220.807839,1158.198172,1191.8235,1247.585542,1164.357023,1121.005072
84,7962.083566,3342.102533,1530.927636,1364.773889,1174.695418,831.4785642,1130.113523,753.4334657,676.6728808,-140.3254161,-129.7286921,-145.9648068
85,39433.35595,18747.07709,6465.154591,5529.527414,5430.681641,3473.952226,3831.227311,3360.171578,3333.299351,2796.531557,3130.284259,2972.446508
86,4573.421448,3052.514389,1155.264503,1138.137659,1127.071049,1110.993127,1034.707714,1028.543114,842.4477054,922.905174,884.5008403,809.9075124
87,35321.41121,22607.69002,8746.296953,7467.53261,6298.318652,4258.449074,3572.570588,3277.745936,3260.193564,2881.039916,2830.735091,2731.639853
88,6343.918142,4520.53081,1803.199024,1533.006777,1431.990953,906.6848926,981.6276429,767.9422348,712.1150711,773.7562766,732.9046132,745.1472969
89,5600.173757,3841.003142,1495.737288,1399.664835,1398.482148,1354.800414,1052.931142,965.6994307,1098.726246,1107.80911,1021.128265,923.4213644
90,4331.539542,2363.060007,1155.832868,1100.455261,992.3174826,853.5218494,971.7984748,892.6119694,779.3619536,797.052619,694.7521967,667.8769745
91,3376.711886,1802.194597,855.7557136,840.4404386,830.9631186,843.2693633,840.9819027,797.0638078,724.0328911,756.3385728,707.5686452,676.8660456
92,8040.199054,4826.034483,2098.223085,1864.048842,1753.788974,1486.162339,1334.408112,1179.206957,1285.770067,1357.856024,1138.63531,1007.417177
93,6959.936238,5084.106196,1989.549789,1853.751978,1961.520585,1641.145815,1505.032261,1541.834737,1250.758063,1251.640935,1240.850423,1126.330066
94,19301.143,13175.32879,5475.035292,5093.639618,4613.580146,2692.279424,2165.141899,2308.534682,2544.342829,1771.242546,1705.651811,1655.003266
95,4429.249083,3996.250327,2137.245086,1582.123382,1177.596267,751.1016204,847.9242435,839.6853503,733.1746635,783.7140238,657.2571869,657.7092433
96,35033.66507,14869.95048,5440.356343,3043.230086,2810.372983,1907.185097,-1289.365302,-1540.303241,-1357.856001,-1509.343451,-1273.298428,-1031.73578
97,7088.326276,5141.880767,1893.367964,1772.919331,1897.326134,1711.105333,1247.283904,1194.740652,1158.675846,1124.12315,1065.786626,960.7221486
98,3216.4209,1867.183085,819.6621957,804.2835425,797.9924244,727.1109327,726.6778419,714.3224705,590.7277998,619.4142512,621.3262289,582.2682933
99,9110.517929,4304.21007,2265.882309,2245.348176,1821.865389,1383.489099,1633.235421,1767.8771,1489.998697,1324.432686,1222.923205,1121.829323
100,13326.71783,7705.711732,3742.639985,3188.540163,2713.163731,1757.756697,1834.830208,1520.706639,1331.445173,1144.175593,1233.853908,1190.046347
101,10140.28757,4167.041296,2246.815046,1757.855199,1547.537313,1080.915929,1334.640874,993.4436599,984.0974861,1031.557389,989.0890539,1024.344022
102,3481.937133,1932.13089,917.0932207,869.593475,890.8319795,847.9751223,800.3161282,788.6767962,652.9875339,685.8766565,681.4493144,649.020377
103,8955.84136,3464.504635,1471.456636,1311.613099,1246.681081,893.2140079,1425.563204,1210.607302,918.4174449,1072.586515,1098.01608,1131.689676
104,3553.595516,1485.09062,897.0059389,882.0298,831.366899,835.1229541,817.5386411,796.1676247,657.3956245,715.4563687,693.6199867,661.2023208
105,3582.51012,2109.644552,960.4478711,894.2869842,832.2184226,704.9240895,756.1239528,601.0448764,558.3355697,221.1469968,181.8114232,123.5071972
106,28707.15858,18199.87458,6844.118114,3404.47704,2726.544902,3053.980411,3105.780904,2658.224859,2731.403435,2851.674058,2691.445182,2566.625378
107,2838.677909,1578.438885,766.6098876,712.1207339,711.0851584,713.5588966,718.0637338,707.5989008,701.5436313,689.587146,675.8988668,665.1884576
108,12396.22254,5223.127435,2896.877605,1709.78739,1307.584854,1403.729536,1909.033663,1419.457639,1275.414644,1301.117234,571.1078654,146.3444359
109,4942.253604,3035.995269,1407.764244,1314.51612,1292.519743,974.8595477,973.8049389,796.4367918,813.7709992,837.8945102,673.5340058,689.8071299
110,4469.482903,2220.563612,1115.651715,1108.402924,1068.610693,894.4597599,890.2891629,750.4440473,740.4527296,805.0086037,741.0273884,716.6685143
111,3444.358207,2014.315414,871.8343095,859.3855612,848.0236054,860.1627412,865.3841236,848.1654121,826.8482458,814.2910186,770.7099062,728.4623823
112,5478.885657,3092.498879,1387.373594,1365.99613,1313.202563,1098.395347,1012.133461,867.4084127,901.5273601,957.5988489,864.6814712,802.6095839
113,7081.588298,2587.874313,1629.439356,1292.993595,1100.351638,779.2183865,1077.680144,767.7697718,707.3768176,833.9411237,799.1900891,843.0408117
114,4354.673903,1730.99906,1096.579687,1083.154223,929.6485017,824.7082652,937.9221554,887.7298441,768.7569056,766.7754872,680.3627504,662.30045
115,16123.26985,8804.630222,4036.397218,3977.292152,3627.214899,3005.845549,2459.79302,2302.128193,2402.013798,2217.15709,2225.469221,1885.01499
116,3173.638029,2351.200653,845.9894111,794.752315,793.6870698,791.0261382,698.2372207,646.3907529,731.3933327,713.232805,675.4986109,687.5295274
117,9996.175332,4879.132246,1833.760086,1595.614767,1542.614005,1039.433516,1410.74458,1054.979024,1010.003182,1098.81918,1013.139323,1076.605336
118,3684.300541,2071.708235,925.9242057,914.3291803,904.1434683,842.7575043,787.5381639,694.7406992,638.3993061,723.6425562,679.6949616,668.8099454
119,3410.956921,2127.387628,858.20127,850.459611,839.6719864,844.5588738,813.8097141,763.5296423,702.9639051,767.6409384,720.3989052,681.400414
120,17601.91576,18141.40582,7613.525764,5072.36038,3887.303586,1754.69559,2063.49119,1620.696896,1710.851471,1795.787302,1707.999479,1786.86704
121,3483.097619,1945.297425,868.2689448,866.6935643,854.3732849,848.3861977,798.9918085,789.2602757,653.9107823,688.0852504,682.1817088,650.7981049
122,4216.541949,2122.226839,1046.586879,1043.048254,962.4844011,835.3891248,941.6331023,885.027952,755.4912926,765.2119445,734.5734431,668.0222758
123,3382.585873,2184.610985,852.8487936,845.2922308,833.4674281,844.6472327,838.9824788,840.844974,832.5813371,803.9411275,801.3510872,781.366416
124,44140.27145,22911.69698,8249.359743,3165.930123,2441.287954,3422.435919,4454.061338,3836.291704,3998.007042,4023.740155,4166.292375,4172.265711
125,9358.198351,4808.096828,2333.469165,2308.266246,1973.823523,1424.412085,1239.358726,1269.9437,1427.478259,1324.660521,1097.227466,1094.727509
126,3035.715207,2063.965893,829.89419,764.9271395,758.218494,667.1685036,245.9164669,214.2697085,303.193504,281.5018974,261.3098736,282.3076022
127,8269.095283,4724.833466,2092.054342,1403.748537,1075.191497,-189.596247,-84.29863031,-223.2601166,-273.4231456,-301.1167737,-277.8079592,-204.3635568
128,4824.31139,2807.900907,1282.269876,1029.476861,883.5483775,647.6843078,791.9255012,572.4892331,518.2213279,610.0717147,576.2785113,609.5091418
129,12759.25653,5046.888515,2400.631695,2155.067598,1828.53609,1311.258083,1585.233558,1179.47167,1226.137396,1287.508239,1238.984305,1285.743056
130,24909.14648,13698.9702,6145.156411,5213.741166,4420.229014,2957.554071,2603.065604,2278.256107,2241.276113,1884.027894,1992.994794,1913.20267
131,3562.92092,1795.799617,901.0826377,888.0339995,877.0403984,814.8399114,822.4147511,795.8681445,660.1196397,707.9566029,693.2552752,661.0260182
132,9783.547605,4852.942217,2443.632337,2415.337034,1957.536841,1473.550721,1540.097297,1463.028303,1456.061374,1344.540399,1163.701613,1126.171249
133,7851.26857,3063.84903,1487.571615,1345.036246,1149.981135,816.7819892,1149.519612,845.9634553,775.9269573,841.3113668,825.6731722,894.6254834
134,3691.685224,2012.670934,934.9516891,925.3519176,910.2671868,917.5839228,835.9660578,754.5983473,856.549049,863.9981317,816.5152109,825.7309466
135,9756.909448,6228.329595,2546.811752,2091.604323,1725.078541,1209.476955,1335.493775,1085.138506,951.1797791,922.3372404,882.7821431,898.5568063
136,12122.82709,6694.088448,3169.412974,2631.618017,2276.077929,1558.421285,1455.599344,1166.067972,1196.585467,1201.32203,1174.906731,1212.397865
137,16828.09632,11831.46668,4178.533575,2973.814039,2908.186946,1052.313459,136.7151382,373.5339507,509.7987119,439.0000378,362.7364915,287.4975069
138,12973.33855,7248.966455,3409.212328,2764.18069,2234.539514,1665.997093,1574.09157,1413.816607,1392.138692,1423.366401,1273.54933,1199.934231
139,3136.030299,2318.378435,865.1738381,788.1289196,784.5713917,750.9574982,712.8791679,706.2234958,587.8343411,632.3314861,608.9755439,576.7043067
140,3969.619282,2449.028896,1002.390827,988.7929487,950.967398,807.3779597,903.757534,849.1303012,725.6247566,778.11233,753.9991476,693.3621888
141,4212.665415,1839.061356,1055.381397,1045.596491,965.5201759,834.8077527,951.6550576,886.3039681,757.8325514,785.2014529,737.4257933,675.8027
142,11808.04267,5476.70047,2655.588007,2157.603165,1825.074767,1240.696821,1597.795724,1231.108091,1073.363582,1039.112494,1080.481028,1073.895194
143,3402.293353,1619.450988,898.2394669,849.6654572,837.5647195,835.8789122,810.2662253,778.1343624,669.2100681,704.6956537,678.2769599,661.218622
144,4997.578743,2625.842077,1252.159173,1240.471831,1117.957353,959.5167701,939.8182293,800.3669487,819.7727066,833.8336681,662.1499869,693.2905482
145,44113.93363,22910.29343,7939.902686,3360.03365,2766.67775,3405.280298,4426.125545,3856.935521,4013.796032,4021.339251,4160.061325,4195.964119
146,3895.938961,1943.792885,1013.612334,969.2525183,885.7658143,764.3049135,873.13344,780.0738265,654.7900551,243.8221488,190.0173521,127.2439632
147,7681.288802,4710.004968,2033.339996,1918.411052,1961.699111,1815.251106,1468.201237,1352.857613,1242.898769,1214.42652,1194.865174,1142.332104
148,19219.02559,8875.407746,3182.205025,2813.453675,2664.024369,1795.916871,2110.309986,1713.901104,1779.538197,1780.563129,1832.137402,1876.866266
149,20406.29056,10279.37785,5266.599603,4168.1383,3776.643472,2415.703785,2143.719414,1860.569347,1792.806297,1511.634775,1678.785626,1564.287252
150,17152.1761,11881.25973,4877.549587,4404.673128,4054.120876,2499.003797,2078.35426,2060.024483,2270.603855,1511.675993,1498.988978,1395.28706
151,8186.846786,3842.189302,2101.64339,2018.127575,1731.36569,1503.913006,1406.90849,1252.257246,1233.786484,1085.406959,958.4409065,911.9712141
152,19036.77483,8502.794945,3130.315911,2658.480794,2610.532643,1780.762171,2102.890964,1703.837562,1768.789743,1777.47111,1828.400775,1886.249569
153,4498.184862,2143.275397,1133.998023,1117.877064,983.0522678,752.7174325,877.2762429,908.8453717,793.5497688,806.3312984,680.7028066,674.7680988
154,6145.154168,3169.430218,1404.28552,1126.337611,974.5625105,682.1757086,1057.275068,936.5668925,699.3726735,742.9231757,787.6662932,775.4565018
155,5918.216186,3794.057302,1474.30179,1210.308173,1066.280416,782.7162997,884.77388,678.4546615,611.6059227,678.6276822,623.4703847,679.4143733
156,3902.315553,1658.765165,974.5526477,969.3613026,908.3369594,846.7776302,891.3164706,851.8581673,712.0986721,760.0933502,743.7336139,684.8751132
157,6726.997551,4025.216678,1648.571247,1351.285169,1179.561401,867.7243108,998.0513113,765.3911793,689.037722,769.3834597,706.1551427,767.5427089
158,5609.922033,3401.278118,1407.087332,1380.17048,1154.962681,840.1841517,876.8365969,816.0704795,831.5462697,743.1401518,677.5841038,723.7001169
159,25503.96112,24212.97675,11544.8808,7910.911791,5707.611133,2602.922473,3316.821558,2675.29529,2346.118881,2163.17066,2258.420594,2297.373385
160,18402.48833,8997.332429,4459.287086,2848.271415,2139.591585,-750.0631322,-649.9210075,-820.8111684,-680.554041,-704.4040255,-679.8339255,-504.4549179
161,62305.79566,30568.20206,10288.61991,8703.720109,8608.766426,5479.550014,5843.455158,5301.171151,5266.705388,4388.253236,4934.44956,4688.611284
162,2910.686635,1601.308587,780.8073336,730.0262766,726.2649812,707.4688193,637.4188706,578.7832037,413.3860928,183.8224732,168.8063359,169.2112726
163,3472.594615,1671.104947,871.0439453,866.1738271,854.4339699,845.979399,808.7210648,789.4147512,655.9168406,703.9254553,684.4137935,661.1129824
164,3920.953446,2451.582273,1043.39123,984.3653468,1048.247721,958.6854532,818.0912687,719.4927174,685.5475782,765.7802522,678.9370914,694.1769574
165,2890.459709,1688.330435,778.9819014,726.9520438,726.4668666,723.4631372,645.8574636,545.9493377,537.8168467,593.9786246,543.4769628,548.1907395
166,17548.80185,10199.85161,4313.578304,3281.511861,2707.78491,2502.168571,2333.878072,2395.876043,2700.905812,2663.466937,1649.421525,931.6783261
167,4483.740215,1766.130206,1115.362627,1032.262964,831.6573773,795.4276178,875.367898,713.1187333,719.0596861,755.5420495,647.8944129,644.2509634
168,21586.81889,14988.90088,5489.811765,5348.659136,5317.473705,5024.911826,3338.176308,3458.762782,3463.379302,3319.62081,3165.4008,2904.319203
169,3736.380105,3252.632006,1936.368572,1461.957031,1139.141155,837.9740343,871.045127,827.2995818,685.4023636,736.6978315,717.9493726,668.9431743
170,3716.596255,2257.649748,938.0802306,927.0704139,916.7799181,923.6006591,838.6884654,758.9856711,862.3289351,860.8653134,821.6589938,828.9264241
171,4750.530082,4611.555321,2459.749223,1860.080203,1434.545519,961.3424596,955.2385858,792.5534205,788.0262352,848.8718908,722.7406889,704.7062013
172,3396.441719,1874.540738,861.5317116,848.2476483,838.0604729,842.2429443,798.0330713,781.6658713,679.1838695,721.6536916,677.4449356,662.982521
173,4005.788024,2372.011025,1069.228553,1002.788273,881.5947594,649.0482218,729.1836306,628.3390674,636.507899,607.8272117,111.5460253,105.4640147
174,3730.956655,2165.997151,995.9953304,934.2124945,859.7556993,746.5111383,784.9285999,647.4499071,623.2211328,664.2969442,567.1176221,562.2574316
175,5652.892116,2286.361428,1394.71672,1157.510295,947.7148746,719.5365012,824.662355,560.4444735,487.8576884,-87.28091064,-89.8394243,-99.18983881
176,2801.9545,2044.330826,750.9644567,701.8399237,702.4478871,701.0925966,644.2667893,643.1948312,557.352768,580.0262536,553.1280611,535.7213699
177,19990.46487,13038.12553,5374.396569,3581.498497,2780.717799,2834.354278,3470.507529,3915.725732,3326.790334,2999.989052,2689.004709,2487.996958
178,6265.711531,3582.609978,1650.766817,1561.340368,1540.641026,1500.028114,1231.197464,1125.696559,1078.754745,1050.917947,1006.57504,971.9102194
179,4672.754602,2130.259074,1196.30231,1148.037684,941.9141421,737.802522,821.7153586,730.773475,735.3612847,749.2980672,650.1100953,653.8753021
180,5607.097331,2859.264215,1375.549563,1148.499077,1008.600149,733.0164702,817.2464818,618.4266361,574.9984749,629.6485928,572.2385175,606.3222422
181,7858.913592,4732.448851,2075.618336,1958.205477,1932.007843,1847.576229,1512.199097,1387.967568,1277.679711,1306.829022,1275.625376,1203.806168
182,2774.691547,1319.812788,704.7852903,698.1985844,693.0685914,688.9469507,699.8494368,685.6240294,680.4405873,660.1113631,658.9061205,646.4772433
183,8532.80385,4713.493253,2187.290029,2124.836882,2050.637767,1688.646939,1454.838212,1285.223522,1383.98002,1484.804368,1343.154157,1261.848919
184,11345.05748,4671.317427,2975.119919,2359.542206,1861.867556,1392.141385,1367.092078,1071.776181,1079.52858,1149.495765,1102.403746,1153.766074
185,3698.107125,2381.145783,935.2843189,921.6509679,912.2758563,918.8447011,823.9317998,753.0747152,853.8028658,846.68621,813.2639816,814.6849661
186,23830.18046,13256.04189,5016.628873,4047.886522,4459.337651,2273.96285,2560.322643,2075.362325,2107.025265,2144.548072,2201.996017,2046.084734
187,54864.61552,33970.09808,14628.65292,10438.62233,8637.093388,9320.826196,7662.115783,7774.653138,8183.759214,7146.084496,6287.508326,5527.625076
188,63512.67932,33025.40509,10480.67541,8821.471885,9513.766562,5724.343412,6004.647399,5477.645211,5497.881429,4516.584953,5017.918833,4822.84433
189,5474.59738,3611.041357,1384.550615,1361.465311,1344.020776,1222.875157,1063.034727,960.7677749,898.0351868,999.5109655,911.4391804,858.0412233
190,3636.437132,1639.987906,909.6069905,902.4711035,886.4836553,818.6120521,833.0860022,810.8798541,671.9044762,718.9823574,706.5593931,670.9840334
191,2893.619373,1903.786442,779.3867599,727.0965459,725.9242061,705.5700724,670.8863416,653.5694663,546.4557319,598.2647811,561.7804736,515.6404624
192,4017.642557,2375.022284,1031.851862,1002.542313,994.7405815,1001.691337,852.7952305,734.0144257,754.1365761,788.4887322,689.0922242,693.12634
193,37774.2221,18095.84388,7545.585998,2983.116322,2224.37798,3166.947245,3964.41266,3262.285628,3416.342197,2943.887529,865.6555994,-556.1782184
194,3524.683755,2431.872591,893.8956011,878.0496008,868.7841166,863.8155491,805.4224875,801.5914485,667.7255975,712.2143396,690.482437,654.594441
195,35858.65938,16761.80786,6672.814618,6018.857653,5107.000305,3288.154114,3571.291139,3055.732602,3040.604423,2573.540826,2845.232722,2700.321105
196,5640.213305,2309.535563,1395.99709,1212.049739,943.4516864,768.4459359,1018.388397,903.4980731,684.289996,731.1154877,745.3315962,736.4118763
197,47381.19755,29627.06075,10507.54741,8183.145082,7615.884634,4640.72618,4660.067446,4133.870175,4182.690525,3682.256706,3775.288247,3635.167966
198,39068.54156,22316.88616,7558.731063,5978.764281,6346.609743,3527.412421,3879.238551,3357.113798,3321.381877,2772.696745,3104.641451,2942.696142
199,4380.245969,3696.050721,2264.857871,1705.219525,1235.9371,716.6785997,870.7172201,875.5651954,764.2922131,756.7066184,664.779368,653.4998933
200,4206.492985,1893.729569,1057.358218,1040.597811,977.4505385,918.7726964,856.1823266,737.9903494,704.1138025,789.0171409,735.4785752,705.3106272
201,3544.80251,1617.636412,904.4150667,882.741026,893.9853177,862.6344601,824.2740667,804.7915036,668.7118242,716.0422263,697.7040913,671.9449225
202,9183.287445,4525.212523,2285.009221,2260.271535,1771.312259,1297.643709,1297.747977,1261.455991,1235.191858,913.1816599,912.4248561,914.3923577
203,16499.54961,11399.1576,4266.667349,4117.458719,4057.437752,3487.847237,2562.222559,2545.030998,2580.19675,2462.137209,2344.253849,2074.700971
204,91491.66504,46892.41382,17097.39652,6273.856253,4950.786611,6546.544854,8137.238046,7415.097475,7127.023633,3959.655326,-3029.777351,-3936.023206
205,6396.184589,3061.778075,1609.979928,1455.435676,1126.586692,889.6762111,966.1069996,785.2374149,697.032858,722.2290592,696.9913612,724.8135982
206,9424.709755,4211.156365,1531.567042,1324.924354,1300.735836,937.809639,1425.874598,1041.021116,934.8934992,1051.740355,1105.242643,1138.520331
207,21776.78542,19639.67862,9379.212687,6275.950618,4552.37037,2113.410273,2408.094442,1921.76217,1887.832321,1615.199472,1796.446511,1657.512987
208,6129.349118,2522.1762,1495.601526,1094.468946,832.0893374,656.2803659,971.3787249,715.8654365,618.1681224,732.8770228,729.7484944,754.7914483
209,56978.57189,28717.57519,9291.779053,7859.505719,7871.981086,5022.342648,5360.922614,4841.306205,4809.822793,4015.929764,4498.889957,4280.558281
210,10284.34282,6600.60881,2705.872747,2315.971363,1892.90093,1384.664863,1244.7934,1055.863199,1100.406203,1082.526429,1034.579739,1041.142693
211,3376.711886,1601.488834,955.3898108,894.1838692,897.5146154,830.7033852,847.8240799,834.3838392,822.3680757,801.2370253,803.067145,786.571037
212,6035.786364,4238.746588,1605.168929,1510.326281,1575.177824,1216.753354,1300.907768,1264.955966,1050.062074,1047.345286,1064.346762,935.3970474
213,3698.107125,2284.943536,935.0963613,921.7964593,909.7448549,918.8447011,823.9317998,753.2630768,853.8028658,846.68621,813.3636453,814.6849661
214,2800.575501,1399.139493,695.5755663,699.5057667,692.8338044,694.0614968,657.6638307,641.5365526,552.7773766,566.0386514,555.4979248,535.2018369
215,17075.62258,7853.514034,4259.219116,2990.95157,2086.523664,-409.4389852,-579.7084622,-657.1846941,-545.8366592,-598.3209899,-623.0990432,-461.5569112
216,3768.587679,2643.390633,973.0619336,942.8413994,916.7962564,758.8934377,744.634377,633.5719097,625.016098,678.7472574,621.4260345,593.0993868
217,3376.711886,1395.806437,850.6711789,842.1400188,792.3732209,829.7772108,848.5497417,834.5333804,822.9247157,801.4835314,802.9761429,786.8845925
218,38038.66393,22120.13596,7612.471118,6240.589985,7075.86735,3542.617521,3746.642778,3283.574845,3293.973212,2729.07735,3017.638641,2864.557218
219,3409.617424,2380.573621,861.0503746,849.9537081,841.308959,832.2663593,784.8169524,775.699535,644.9278448,691.4093703,669.4435021,641.3525528
220,4471.105118,2222.400122,1108.567679,1108.125111,1014.753933,886.4509,874.9976494,743.2465179,726.3860257,787.7857761,737.6070301,699.8405115
221,6199.472643,2955.755127,1499.890413,1244.778974,1081.568985,800.8455064,983.100253,756.9635038,640.1355538,714.0051508,733.341391,761.2709685
222,5087.429282,1943.613362,1269.319111,1256.405967,1028.618256,801.863791,850.0041662,780.5433261,797.4972607,788.0252942,646.5416059,677.6017205
223,5315.592674,2761.671904,1372.499171,1080.587067,945.1857156,689.01675,947.2515061,800.3162668,570.1663175,55.24514008,88.22689639,49.20379157
224,3378.524625,2133.272916,851.6042005,841.9810367,833.643254,838.4682361,849.6372775,838.7141617,825.9048375,800.1877235,766.7862115,719.8757765
225,35537.0977,17334.65013,6661.968284,5940.376554,5053.678137,3231.072296,3526.749736,3025.718907,3013.91876,2556.332376,2828.348847,2674.22373
226,5660.732934,3761.338644,1423.137428,1405.613611,1394.059835,1352.968084,1236.101447,1265.773251,1026.103734,1023.751064,1024.851962,939.2855197
227,4606.105303,2184.045741,1216.034144,1113.168441,932.8383457,733.7401416,895.8887149,914.2801276,794.566804,792.010799,696.0443284,682.7240613
228,4216.541949,2077.420283,1053.794676,1047.915673,920.4745149,827.5906053,937.5146808,883.1499407,748.9557925,761.5948377,733.1169839,661.1685698
229,3454.581266,1951.443496,897.4639883,857.4297339,852.4335157,862.715755,862.2242784,822.555427,758.3880906,789.817288,751.8641736,698.6880974
230,4412.404981,2065.773369,1107.877111,1090.516333,893.0790701,702.2270544,865.2909867,879.0002076,762.0993037,761.4227941,668.9878379,657.4726549
231,4989.971673,1857.381716,1233.98807,1019.556154,837.7372643,643.5915363,813.8168524,576.7875117,507.7351087,598.394746,594.9281876,623.5489674
232,19514.04486,9130.882801,5011.240245,4626.176892,3697.439845,2635.94792,2156.514438,2252.025244,2469.38767,1562.324354,1694.835506,1557.410873
233,4222.160939,2337.47636,1133.543053,1077.737208,987.0111827,840.5304635,956.2934561,890.9511157,764.1403146,799.8053064,696.9299572,656.448941
234,3568.847114,1648.031702,906.563791,889.4613459,857.3916238,796.5478418,816.9285074,791.9031984,653.184602,704.5446407,693.9324373,657.8945236
235,7392.026391,3640.692941,1815.612054,1386.816898,1117.562085,875.9570055,943.7073734,757.7524289,730.075964,728.6340499,714.5993371,730.4527857
236,5958.163406,3272.70936,1569.671939,1479.498895,1465.754941,1432.37296,1206.887689,1073.412596,1030.11806,1034.376964,1008.141738,962.5108929
237,23868.20875,12294.13998,5793.68222,4804.008693,4154.723381,2812.503998,2503.262452,2168.275457,2101.121386,1775.247708,1908.844232,1822.854808
238,31000.70959,17763.2679,6858.127075,5936.983599,2194.897647,968.0437635,-101.677278,239.4960204,495.6336912,85.49956634,214.0315844,-279.7647617
239,6465.67265,5689.851278,2033.848463,1685.461929,1614.198355,1508.211388,1210.430327,1144.201642,1059.617541,1076.225971,1010.56619,956.1533434
240,4479.104037,2455.05359,1127.957433,1110.266747,1011.524,875.8423079,927.2831908,762.3706196,746.4413758,785.1975326,671.5324244,669.1578999
241,5650.880646,2705.644999,1398.875193,1214.5584,943.3607629,757.2905178,994.4504462,897.9932744,673.5942775,703.837136,729.734328,718.743018
242,34647.68318,23097.1131,8107.498467,4760.373912,3603.283344,3619.959314,960.4017433,-549.7796575,-635.3441675,-1900.761814,-1713.885271,-1794.944982
243,3931.818517,2348.031097,988.0267001,978.7747892,943.5513197,802.2782854,895.4352282,841.7205103,719.509947,786.418389,750.0318489,694.6191507
244,3407.101,1756.841763,848.0351763,844.5259074,796.2906952,835.0651289,783.5736608,775.3988895,666.6562067,687.1909465,674.1349467,650.5188391
245,32060.23996,15084.2965,5673.766729,4863.315277,4495.844707,2845.723497,3168.66645,2738.907369,2720.976274,2302.629739,2554.186333,2417.219909
246,6972.805179,5497.363362,1999.817583,1866.191309,2033.163768,1699.213285,1533.424152,1560.74403,1270.888484,1273.719982,1256.537663,1157.682082
247,20738.49309,10157.39307,4625.05871,3585.01682,3159.605584,2098.35375,2413.352602,1933.564785,1821.985459,1569.21618,1669.156968,1571.972837
248,20575.3197,10282.65039,5117.33325,4179.280689,3612.2297,2459.524868,2171.703982,1878.063847,1810.032905,1548.792324,1695.977408,1588.923846
249,12906.35186,9105.222744,3261.649928,3207.544032,3160.946875,2693.244274,2027.140057,1970.545836,2014.685209,1921.305453,1849.651899,1588.923995
250,5256.587202,2736.124632,1301.852183,1199.719621,1001.43835,747.6054486,807.3444609,656.1327184,590.8138255,622.4986573,580.3260524,616.3311394
251,5595.598848,2834.832895,1406.270047,1275.489729,1056.092134,805.7302557,1022.902111,952.3408503,721.582056,762.208265,753.4457751,739.3503797
252,30303.9174,13628.21628,4984.199681,4371.032427,4176.564393,2679.804805,2964.522246,2590.931742,2558.092767,2155.655636,2474.801782,2296.132984
253,2782.866076,2037.429193,741.1513276,697.049738,431.8464032,306.5666109,269.1792475,314.7359773,314.7615392,261.4793969,280.6586995,278.7656797
254,4036.654717,2087.630478,1027.449378,1007.345546,994.7666842,1002.028701,835.9172131,732.1619281,740.1271018,779.5907681,690.6573502,695.8620074
255,5397.545528,3431.974098,1389.658894,1205.765436,991.1303256,740.0719295,785.1494062,612.2459272,582.9438955,571.7153451,550.5517976,510.9339709
256,6633.47101,2561.240503,1636.488023,1316.579307,1051.90537,634.8669556,11.336471,-163.5867108,-215.2718438,-188.8077379,-203.6424907,-141.8987534
257,3990.992312,2546.730518,1018.494108,1009.898407,988.8445005,968.2669954,815.3747084,731.318989,697.3710445,773.3573955,690.1218423,695.7072402
258,3909.058772,2164.146988,993.9118955,975.3349935,950.7057311,801.3758778,898.7781267,844.8835192,719.3170686,782.1821427,745.5848618,691.2222322
259,3411.721158,2674.853587,929.4943439,852.7227179,849.9564321,808.3326698,645.6780562,562.3259444,462.0123573,140.7884227,106.9034966,103.6363069
260,12128.74617,7923.795755,3078.095098,3006.858389,2968.950694,2556.328313,1914.690561,1855.750334,1898.895717,1816.925041,1746.084505,1544.117755
261,51516.86245,31746.22685,11775.34685,6598.414538,5266.077678,4721.03527,4925.503418,4459.068125,4522.414095,4022.17517,4121.212444,3963.193652
262,42962.56219,26490.43758,10443.25689,6724.350675,5893.407294,7093.209618,5719.269387,5858.6872,6383.133106,5468.968704,4556.667511,4248.425951
263,2920.039308,1279.929622,734.2337878,735.6234172,695.8147331,691.0815035,674.2646984,654.2221109,540.4553434,588.1755396,570.4038843,543.7853184
264,3521.44329,1994.810514,896.8746059,880.0973797,868.49012,861.8172041,815.2651673,802.4835795,669.601241,729.7327099,693.840333,664.3125508
265,3472.594615,1485.792139,877.9657271,862.2484086,813.6986911,839.2468586,809.2822364,785.2265246,648.4544596,701.8098769,684.4137935,658.6006998
266,5430.590118,3018.85031,1382.008171,1346.91149,1113.434582,822.36422,874.3541127,776.1508013,795.9774586,738.9157397,660.3162326,702.6825464
267,7166.580344,3932.428746,1824.338404,1780.715123,1760.535928,1658.066996,1239.322003,1165.136901,1201.193912,1299.951893,1163.46817,1135.964697
268,32290.32976,22427.6159,8316.166759,6190.364213,6424.63134,3257.600994,3287.777765,2821.229266,2854.091696,2520.022541,2579.96275,2476.209024
269,36961.93084,18369.48851,7257.058778,6258.833132,5335.487126,3461.545649,3711.599715,3153.786747,3128.062332,2663.244098,2942.535611,2786.071242
270,6511.535657,4209.291987,2001.906976,2137.994794,1575.920357,982.5239453,995.2340261,866.4438036,868.6494794,773.1899244,698.4426637,727.9809724
271,16246.56244,7614.895149,3445.385478,2762.220967,2370.513183,1622.158053,1838.076246,1449.518287,1507.746005,1536.286379,1550.754115,1586.868525
272,36330.63102,22622.85338,9152.342161,8447.111159,6991.987263,4815.519337,3792.295739,3870.808392,3610.544894,2998.471125,3053.708986,2818.211757
273,103266.7127,60923.7269,19354.08173,11510.40812,8666.398863,7942.074538,9304.136524,8836.877563,8867.656686,7239.258816,8169.146626,7747.630988
274,12649.04799,6915.431175,2939.958807,2218.097608,2086.033597,1333.799782,1502.094147,1161.099289,1233.060322,1334.128526,1227.440849,1294.482669
275,6911.821136,4703.857459,1755.839608,1728.516324,1729.46801,1658.108445,1324.196202,1235.555655,1147.331592,1163.94829,1080.656254,1048.412232
276,3698.107125,2343.870147,934.9508543,920.1453643,911.5756557,918.8447011,823.7579252,752.9093614,853.8028658,846.68621,813.2639816,814.6849661
277,37169.43218,17711.79728,6180.575496,5393.626267,5566.127335,3349.855853,3643.124862,3202.222693,3209.987196,2639.912862,2943.481632,2804.071492
278,3098.000006,1739.001193,828.8106337,774.4528728,660.1768977,330.3283024,222.4402988,207.9913169,297.6087344,263.2186047,265.3266721,278.9950961
279,3723.120178,2164.923428,945.4135148,927.6475431,918.2818508,910.1971261,786.4560634,684.7168378,654.1630468,744.1578414,677.6419892,682.7448301
280,4033.38495,2066.371997,1067.478424,1005.352984,999.7259165,806.5911788,857.3293383,710.8227065,667.9018444,748.7331559,724.2625161,683.1621839
281,3779.936973,1747.472959,942.7870848,939.6949677,839.9723292,715.77725,577.6289132,133.7381861,114.2452036,137.547462,96.41717092,70.31339667
282,6400.136735,3098.376501,1587.803414,1446.649294,1125.676677,890.2259341,955.4503543,788.2381881,699.2745713,720.665018,697.3737468,724.7098038
283,4795.438132,2740.994466,1415.097916,1200.448714,1141.108588,965.5748085,1085.099649,1019.159929,867.0113932,904.0872323,908.653274,829.8343784
284,25622.18717,12959.90857,6235.708098,4996.670643,4135.877874,2717.627633,2643.342434,2203.398495,2194.734695,1894.668015,2047.643576,1943.277624
285,23622.68386,9935.706016,5299.757428,3504.52709,2406.639394,1994.913392,1178.719658,-846.7380674,-873.1632386,-843.7064156,-829.5512424,-639.0434645
286,2782.67909,2080.213307,735.2601621,695.5009946,693.6376958,688.4356933,690.3044231,685.5727499,679.9548659,659.484631,652.8615626,613.718281
287,9735.430015,3456.858434,1762.437591,1481.765238,1379.25581,986.5869521,1433.931445,1054.388889,965.6421527,1117.637212,1088.070478,1152.729174
288,8798.689957,6805.343422,2310.512837,2200.44568,2203.807875,2095.05165,1531.636369,1481.501439,1444.40774,1401.419179,1304.267895,1209.860226
289,19194.5291,9881.339306,5423.099734,5067.958052,4581.468514,2871.761816,2368.990936,2520.609138,2740.218972,2299.773181,1943.746568,1815.248149
290,19010.03665,8444.284801,3378.137853,2884.469743,2912.457994,1845.628209,2180.710127,1731.922803,1819.731681,1873.369668,1835.147136,1932.244838
291,3379.819168,1656.097841,840.5995023,837.908976,789.8916057,829.5137278,837.8277437,822.5806698,796.318563,763.2701725,751.3661785,700.1523731
292,17000.11309,14546.56588,7447.711749,5961.159884,4138.296944,2518.389888,2127.082465,2233.394407,2426.019188,2038.690186,1726.443366,1611.909906
293,4561.942688,2123.684605,1143.571315,1126.87048,931.92127,726.0522155,821.1509586,717.5668913,723.1483071,754.1768799,641.2029885,653.7133186
294,13808.65561,5990.106547,2630.589563,2358.279879,2032.917387,1374.113282,1599.749736,1241.952205,1295.442196,1365.43425,1336.652496,1391.341028
295,2776.1811,1322.545366,695.1223837,693.5768062,691.7256485,689.4292155,696.9365159,688.5001329,681.5192803,656.9107891,660.5955831,646.4489334
296,5232.713,3204.010115,1381.718479,1311.458437,1359.136731,1048.501201,1162.022302,1094.839313,910.5983339,978.681807,973.5937683,834.8984727
297,9741.041899,6626.365375,2647.294503,2222.19432,2306.423007,2273.592431,1617.023539,1592.892783,1635.368557,1711.701089,1583.798997,1525.800752
298,10399.00391,6465.02029,2761.322871,2410.391133,1934.06868,1398.021181,1290.345045,1268.495597,1451.236633,1225.706973,1012.44999,995.8280305
299,3906.514067,2187.221526,988.5542312,972.0271111,963.7370578,948.6970107,813.7400585,716.2262461,683.6428962,776.1209771,702.1630783,703.7508417
300,9750.922838,9749.479074,5030.04269,3782.301633,2989.040927,1925.420677,1679.589741,1492.125501,1502.298904,1410.870844,1375.952769,1173.714381
301,2796.86518,1120.374027,709.4009471,699.0462941,665.4073991,678.1901192,652.1169011,631.8903681,522.0197007,565.9219113,551.1628145,531.1776686
302,2930.998296,1339.185231,737.7448462,737.9076974,695.3353448,659.7668687,675.594484,650.689014,536.2249313,579.8711785,570.4999529,541.1069274
303,12103.95618,4553.567935,1988.041867,1757.036594,1676.688314,1200.567646,1552.839066,1184.900469,1169.662254,1210.182305,1178.515828,1220.640704
304,6082.459541,2169.676697,1498.387892,1222.158588,992.651387,776.4699351,989.6642212,701.5588903,617.1431042,728.2235592,724.4134318,759.7346233
305,3152.307275,2400.69251,846.8156042,789.3125154,789.3801149,774.972742,717.6055889,716.1846609,595.9129691,636.9289192,616.9963339,584.0357268
306,4928.978815,2343.147508,1291.559152,1229.770507,1155.019794,962.6578188,971.6779648,800.6163294,795.0645089,819.2538447,680.6113286,687.1980428
307,21852.11226,15085.12278,5998.831219,5302.884341,4496.656445,3017.474622,2429.212763,2564.819745,2843.055756,1865.660388,1896.217911,1772.10706
308,9652.553507,4797.527362,2466.4894,2392.564376,2052.743544,1499.483574,1325.913998,1326.498962,1499.370082,1464.741762,1144.882459,1171.226851
309,23502.49676,14770.63688,5880.256566,5219.796568,4235.629261,3015.34627,2536.289213,2314.695885,2319.229117,1948.995271,1979.448975,1827.061099
310,4198.515819,2616.817946,1056.607728,1047.136708,931.4823461,703.304139,704.6212346,657.7247934,669.6529914,658.3265047,529.5786758,551.6440343
311,2975.858616,2189.104426,788.8363237,745.2263965,746.0623648,745.3874016,733.0935948,706.2441543,649.4514781,665.2341022,645.0173592,592.0114635
312,6363.7859,3831.280321,1583.308158,1372.814639,1141.289636,871.7202221,960.7976703,739.9059953,683.911737,769.2675077,711.9206627,746.2474557
313,2774.691547,1314.257397,697.5333567,699.3820499,694.1410939,693.5719984,701.8779292,690.982026,685.4222118,673.9052926,661.0940623,650.302598
314,39211.77938,36699.41417,16900.9865,11258.53875,8179.982297,3582.750576,3951.845331,3348.407476,3316.510219,2792.849381,3118.669028,2956.568472
315,53137.16517,28501.33528,9321.522147,7794.982285,8050.231016,4799.378248,5049.561791,4593.121976,4606.811483,3784.799939,4202.696188,4034.529134
316,10730.13257,5040.631649,2818.073234,2642.035571,2185.7439,1505.353314,1312.117543,1338.123925,1491.259754,1180.925409,1126.446218,1180.243099
317,4460.117026,2382.106193,1111.751351,1105.671388,965.9056445,731.7356406,818.5111138,833.8519319,725.5574058,736.1961556,654.6937908,641.5397414
318,3953.333553,2453.885135,1054.325534,984.1291786,888.2706513,753.9576753,838.1597806,751.0205289,654.7518232,637.4439827,172.0992488,131.7407528
319,4761.145239,3097.511488,1198.762704,1182.882198,1173.829177,1153.247389,1059.847293,1065.8163,872.1161596,949.2957694,916.1497576,826.14829
320,14462.16003,7861.089121,3366.350924,2672.903775,2310.853365,1556.346382,1863.879553,1433.449928,1290.523604,1154.450612,1219.434062,1170.808001
321,3537.399184,1552.94501,884.3703979,886.4594985,812.1618313,705.2443132,800.6284917,739.8113556,637.1653496,652.7839527,575.2876058,548.5381188
322,15644.28984,7159.125993,3437.790217,2694.30619,2314.439615,1577.771775,1779.013565,1399.310922,1459.060685,1476.697293,1494.509564,1535.452601
323,5658.549329,3283.087793,1485.905617,1412.294392,1451.86635,1350.400144,1165.842546,1183.3113,953.4511381,979.5326241,1010.915967,908.1902012
324,3937.36979,2580.710352,992.2566644,980.3526271,945.0664241,802.1849166,884.078189,839.7637826,715.5597073,766.3715667,745.9331251,678.5537489
325,6131.248248,3996.825645,1592.924975,1532.700168,1530.273652,1463.201318,1034.937769,1004.176935,1030.399557,1078.90483,998.1146295,958.9638532
326,6211.606096,2558.169417,1516.080322,1302.57198,1030.299505,794.615497,949.0291001,706.072066,637.1778312,738.0116049,703.5202232,742.3254268
327,3506.006929,2754.936178,949.8204936,876.2627305,755.5742624,377.9476422,214.0637079,167.9624969,163.7686831,192.6191288,156.7541064,156.8456922
328,6114.793666,3256.461945,1494.978525,1235.294683,1072.367404,791.6127763,998.0359104,859.9356788,643.3751338,723.7819206,744.3214114,761.3466458
329,24522.45777,13628.23418,5030.50726,3243.171236,2663.36403,-1228.395709,-971.0016572,-1113.357458,-976.5850201,-1095.625514,-934.1309228,-761.0864238
330,7232.025387,4195.715477,1819.202272,1796.576106,1766.692009,1579.51827,1211.951087,1149.499885,1178.423886,1212.232134,1157.33484,1105.493669
331,3698.107125,2400.43355,944.7589546,928.0726401,915.8277108,916.3833855,819.2887978,746.7704936,843.4092693,843.7365601,806.8850393,792.3444682
332,7585.301728,3937.124194,1864.197448,1606.44357,1345.425149,984.7510013,1298.687442,1185.5915,861.9284783,923.9088898,955.6571401,878.0221032
333,3523.333725,1644.292842,879.8230946,875.3610193,824.0861527,848.3308589,810.0092965,795.4423528,657.4166905,710.466896,693.0045592,659.932764
334,2870.652726,1758.127169,773.3759486,722.2697083,721.1224373,709.9782477,669.9501899,655.3321114,546.3005394,594.9999772,565.6162421,542.7280911
335,21521.42646,10145.87292,3857.95551,3331.540004,3029.321854,2041.390632,2325.635434,1895.321166,1866.918669,1588.909208,1774.950883,1634.774906
336,41646.8478,20304.98952,6867.081604,5773.689406,5751.093518,3666.178356,4042.159225,3546.941949,3515.601588,2946.846397,3305.994861,3133.992247
337,5706.993308,2777.354313,1407.36815,1230.432728,955.2624968,761.7618795,940.9882316,834.1851208,619.0627646,694.4489805,716.9973836,713.53755
338,3911.157293,2113.683463,981.41518,973.7950075,945.6906723,792.1386,895.1922376,841.4396804,714.1832748,761.8174547,744.8546813,687.6732944
339,145493.4198,72856.52992,27148.89472,9803.780762,7994.793751,10600.28977,12537.16831,12261.17591,12185.33174,10081.35348,11487.80354,10922.38199
340,3467.765723,2093.284162,914.7522725,867.821434,890.2893162,852.1350999,807.7561749,791.7761822,659.8989163,720.37959,684.6512632,663.2687085
341,5146.421743,2418.317409,1287.891374,1276.408195,1101.386529,845.2654865,850.4979506,782.5495368,812.9639005,792.8045385,633.040946,647.439719
342,11933.80371,9449.330963,3210.016696,3245.053099,3210.204878,2861.602341,2212.050105,2119.692055,1970.367324,1940.282632,1852.578751,1758.049115
343,10515.5226,7908.324373,3155.276682,2376.339518,2414.349353,2422.003517,1718.051522,1693.019365,1749.774686,1836.251746,1632.723164,1499.970271
344,4421.902091,2463.541654,1105.383162,1095.892865,958.8645024,727.5156342,859.848637,885.6822749,768.5618748,743.7539281,663.4781613,644.7980867
345,4370.702126,4312.793234,2257.654492,1699.517908,1264.059313,741.9926775,883.5295877,886.9226881,771.9549651,785.0285404,664.5941805,657.9343704
346,3134.440277,1498.657671,775.9516536,781.5953562,447.9157023,319.1751897,240.3922448,282.4325987,168.0986081,197.8088937,198.8696038,188.4267768
347,24771.59358,15436.77819,6075.00947,4966.883146,4310.248664,2866.146513,2598.91018,2240.659394,2207.902598,1962.106923,1988.895219,1915.549673
348,3382.585873,2194.338448,853.3676292,840.4930156,834.7246943,842.5569042,839.5963501,840.1641109,830.5439019,795.5726828,786.7221087,758.4697748
349,7783.116364,5065.046669,2371.219674,2526.597052,2016.834567,1870.878511,1497.928632,1365.884897,1454.367463,1348.793835,1286.969383,1145.704755
350,6438.5213,2798.0877,1651.276786,1390.476785,1087.7622,834.7224792,975.435133,735.0780022,665.091645,751.2345999,683.3666461,748.2719512
351,3382.585873,1797.808713,844.2852015,841.0875164,791.9287669,830.0495646,825.3145948,780.043159,688.5701859,696.4462211,674.4862478,647.9234876
352,24492.37334,15444.23457,6002.03597,4918.703216,4263.617148,2828.155445,2575.262412,2202.681622,2156.968968,1829.547363,1959.754576,1879.138328
353,3376.711886,2065.000255,964.9532086,902.4386606,952.5889411,850.4358117,852.4195944,841.7123173,833.5831618,811.5387367,790.2679112,769.1137625
354,3001.336979,2210.461707,803.8500549,749.5421519,746.7061057,742.8098141,747.2369783,739.4627329,733.5755922,691.6720182,622.5158125,343.9052158
355,16690.4103,9770.616716,3555.006651,2847.826028,2634.786796,1706.809725,1907.064704,1521.791354,1606.172656,1663.324814,1599.510859,1654.400402
356,37403.97289,20131.01981,6207.009659,5362.540742,5165.657941,3304.410305,3659.443525,3193.603169,3170.525252,2681.952393,2977.745299,2816.393214
357,2860.212737,1282.503511,719.5701896,717.267795,715.4073616,700.6578606,640.3688383,611.8156848,508.6309925,572.5885259,553.8102965,539.3529149
358,8333.651597,2979.832197,1587.556507,1407.248606,1191.964803,870.7071609,1365.387369,1165.180672,862.9543297,1015.602645,1050.524141,1062.843966
359,8142.669609,4848.445223,2100.452749,1674.754336,1456.793048,1056.271516,1054.420347,804.8467073,819.2595842,868.8973896,798.1671874,835.0583956
360,8724.730095,5168.519315,2063.345205,1662.404482,637.761986,768.0825647,413.9172166,485.9415468,797.9727948,611.0657087,614.876508,628.8574995
361,10056.94038,4402.573313,2390.63888,1975.476511,1642.86551,1117.349233,1203.201151,906.5473174,949.9491598,1015.749996,976.6798151,1018.533812
362,2788.351566,1659.688913,716.2572018,692.9477365,393.0390495,295.2373059,270.3160688,310.577807,305.4303414,254.5849621,276.204304,262.9783732
363,36393.00005,19815.71609,8635.298832,7089.172348,6231.479336,3881.313332,3650.582906,3158.693595,3181.551976,2684.440116,2900.812723,2784.059563
364,3746.518837,2712.1018,1023.091768,937.3772495,930.2537382,639.4900423,155.1846427,129.5689259,131.2885629,119.2832339,94.97135377,72.78705778
365,14113.54798,7524.625628,2824.32319,2417.299349,2231.817848,1424.590762,1656.487078,1296.918421,1373.52619,1474.706155,1370.000165,1441.946145
366,32861.16688,19539.96173,7681.321742,5677.399846,5403.69369,3279.18652,3356.965029,2873.396174,2904.547095,2568.199531,2620.803554,2522.858028
367,30041.27647,13618.26579,4929.04311,4187.812236,4134.133757,2692.380257,2966.028941,2569.649599,2541.369714,2177.562628,2464.571216,2293.347299
368,2953.969355,1181.227705,743.6235848,741.108935,708.1004152,715.5751916,641.9779844,545.3328614,511.897433,576.0261992,549.8217273,543.7066102
369,6030.397112,3573.15669,1435.421348,1179.635505,1040.337405,721.6908962,1053.121683,932.3117932,708.2088448,763.9144469,776.5209343,770.7100101
370,3521.485395,1802.059659,876.8434071,878.0291142,478.7745755,212.0681487,253.3644377,267.4309856,163.1544798,196.1176618,200.1116614,162.7320013
371,9966.971616,6938.851804,2670.531328,2274.24119,2047.187176,1797.267038,1764.466593,1554.201467,1545.013983,1422.847454,1180.395475,1137.919876
372,3517.584615,2293.99911,887.3443794,875.607051,867.8626618,874.2378329,810.7894891,712.0821651,783.2512491,786.3858645,740.891216,709.2967888
373,4636.861222,2012.638987,1149.042642,987.1571464,787.8225028,609.6033295,826.782227,735.7185156,550.1863445,599.2258856,602.6533629,602.334884
374,50896.61413,30765.18345,9589.763319,8554.688133,7841.970207,4738.30472,4909.169274,4398.200379,4416.718351,3659.575395,4040.237687,3865.385967
375,10086.17912,4733.806882,1656.572194,1483.244538,1420.304044,1001.295871,1410.508965,1082.706008,986.5277196,1019.828201,1047.550388,1115.045432
376,6304.076927,5090.996007,1732.392128,1576.48579,1550.203732,652.3942277,264.5657767,318.0434628,499.6317691,272.2555314,240.0161784,164.3293207
377,16731.33713,9904.206496,4642.662769,3583.426369,3456.664899,1917.154856,1931.781631,1486.847249,1468.207146,1282.577947,1348.847466,1274.978772
378,6140.400509,2721.031498,1554.001218,1526.133831,1502.585865,1335.049898,1106.521296,973.2496105,1018.035303,1053.469308,969.8214084,903.4121113
379,3139.579273,1892.669196,851.3373862,789.560459,787.7383263,771.6038218,662.2720107,576.655007,551.2670161,625.1747134,567.7211817,565.9064382
380,3397.894038,2218.39845,859.1198832,845.6937103,838.4839174,847.7215725,806.4221222,783.0293102,678.3853455,705.6819689,675.3740956,655.7319639
381,16076.42011,11072.73676,4523.991995,3670.127158,3442.964048,2059.570188,1857.517932,1531.027846,1505.796431,1336.327754,1302.651786,1248.203121
382,11651.83814,6088.770383,2907.950191,2776.253472,2341.712032,1656.496574,1424.902711,1403.438346,1590.68503,1191.094115,1190.744013,1192.663284
383,9103.144265,5037.265834,2276.419569,2256.740916,1946.984757,1719.409332,1757.921709,1474.654393,1405.305499,1342.977287,1224.380517,1115.643271
384,34006.05213,15450.85384,6434.025973,5555.36104,4795.651892,3063.036485,3373.04711,2896.197411,2880.27743,2444.655009,2700.926129,2561.984133
385,3411.128199,2275.186136,911.5134802,851.4811272,847.3490979,822.2479137,688.5539161,584.7514549,472.2930005,196.7761432,162.4944528,164.9013786
386,28183.474,16143.84612,5523.08668,4476.97979,4589.151887,2710.499215,3059.949487,2471.360026,2444.831148,2081.345559,2256.885397,2128.177609
387,4629.160077,2416.17561,1178.383729,1152.73193,1105.637603,938.413619,902.9308291,756.2704016,766.3371053,816.5239089,740.0504151,691.2375607
388,7800.363499,3603.307491,1919.71551,1640.870981,1299.793467,997.0637477,1054.255485,805.1694323,780.0342062,814.6330795,764.1871382,793.7035873
389,12810.80469,8414.814397,3217.260288,3176.435726,3095.116292,2444.076131,1992.901409,1899.901118,1971.221022,1887.238277,1824.116888,1572.396181
390,3416.15449,1925.969744,872.2177869,853.877956,843.9993856,851.0743227,797.615681,745.073652,652.840697,725.5163348,670.6858911,661.5818967
391,20628.60633,13706.05342,5228.873702,3250.283288,2360.920457,1231.550689,-787.0263045,-815.5120877,-730.890162,-870.2410011,-801.6147745,-603.0859213
392,9802.718658,4345.026715,1750.993404,1549.575728,1388.7207,985.190838,1387.186787,1061.037,964.0691316,1038.843292,1023.182262,1099.602729
393,3352.418638,1982.627954,848.4014168,837.0308299,830.7001794,753.3978053,664.6882151,594.3304358,563.6341226,602.4112778,567.4032316,559.7995603
394,5511.264481,3446.65241,1459.634698,1497.550376,1414.053636,1312.449193,1213.316728,1224.537489,980.0242034,969.8014961,1004.664486,909.8333177
395,24568.47434,15003.46782,4228.56418,1817.330774,1647.295693,2179.411124,2959.379657,2384.998564,2398.734436,2473.425612,2213.753699,2146.118279
396,6239.06696,4320.403719,1640.956401,1263.564897,1088.57295,798.715224,919.968474,699.104724,629.7546195,705.3844227,503.9174359,288.1992467
397,6945.56888,2833.986921,1750.540534,1480.926983,1180.790878,719.4780608,-40.69522564,-202.7975403,-213.3950322,-203.394848,-237.0353247,-184.4535614
398,8629.756333,5213.699027,2375.253012,2150.54128,1830.182578,1059.775549,-74.81009782,30.69042774,199.7983798,89.26136098,-142.0636454,-80.95251326
399,16691.07992,6077.89148,3216.641325,2829.417488,2380.828637,1637.0759,1934.698692,1501.936988,1566.268898,1654.73483,1613.079838,1684.329213
400,4539.130326,2201.306808,1147.479254,1125.337787,985.6230176,740.7558987,851.8927123,852.5259755,749.8080248,796.0985163,672.1276175,672.6876552
401,3665.516487,2606.027788,977.049725,916.7297098,981.1924461,913.1895765,836.4660579,748.4425158,847.4012461,842.4247129,811.2192186,816.112821
402,4708.982815,2600.035798,1184.126528,1169.383261,1064.99329,931.9619441,939.6283843,774.3665208,777.932436,819.7179523,685.257781,677.3915514
403,2795.701496,1383.761921,698.1251008,701.901475,661.5992408,684.3907899,690.1840969,681.9668665,671.4225058,605.4426986,354.1562808,317.5964162
404,37207.24082,20203.04471,9732.678746,8023.831909,6670.607376,4614.503617,3865.459028,3427.563533,3403.602711,2839.600234,3035.556681,2832.779679
405,4528.676705,2093.978022,1138.296247,1065.400076,891.0937889,661.1393853,827.0723898,787.0677041,580.630207,595.3076156,608.3000942,594.7305193
406,3447.619787,2009.255568,860.5913404,864.1746259,835.3711399,698.5444359,775.0931069,731.7546799,620.6228079,652.5129164,651.9910363,589.9780237
407,5224.849997,3428.004579,1310.894948,1304.39073,1284.478984,1275.274195,1200.416191,1186.936362,1009.866337,991.9193395,972.9766358,912.4736743
408,7777.849999,4651.890839,2112.782757,1937.444332,2057.075505,1683.406833,1322.673646,1224.224273,1265.690595,1292.900208,1225.733952,1144.287433
409,9713.000805,9328.755376,4352.752606,2925.878069,2178.866923,1050.176359,1444.098716,1075.423047,997.445397,1135.249039,1028.26057,1134.742069
410,3378.524625,1930.817313,851.5652532,842.4166292,831.9967272,843.7804605,849.6279984,842.2545358,835.4518282,819.1710984,804.5658016,791.4539072
411,13216.42971,6539.792287,2659.191858,1761.227878,1282.665455,879.9471378,69.20051805,-326.3874659,-423.8783254,-289.1871732,-265.2425505,-140.7819886
412,2834.412037,1491.804808,753.129241,711.0117366,707.4264216,691.1985677,640.1348345,612.5076513,435.6354945,190.3895817,183.1910301,174.4823141
413,20719.05947,12440.98383,3851.439225,3432.893638,3192.414073,2037.510548,2274.404433,1859.876746,1872.052102,1653.64912,1702.4722,1593.819444
414,6859.115578,4719.306018,1818.08438,1714.594225,1765.772762,1668.279724,1259.049378,1154.803729,1253.956904,1272.769474,1140.017072,1122.644848
415,4823.427132,2706.24862,1213.723208,1195.909116,1097.256116,957.4116556,955.148125,803.3197727,799.5900657,849.6149829,681.8526732,682.0335489
416,4002.468646,2485.809804,1069.457787,994.8458487,903.1753853,780.1706955,744.1049002,621.3240099,195.3991688,182.0411651,103.2103875,95.38861095
417,3909.058772,2184.65086,988.9445107,974.0922028,949.0908242,796.3521197,897.2889381,844.4341698,718.552622,781.2800169,745.4459499,690.9007761
418,128998.0557,86899.5011,23575.10106,8844.455561,8641.823912,9727.370216,11220.92606,11140.49303,11229.75729,9636.706789,10239.79174,9828.380402
419,8114.38016,5332.105101,2152.923863,2022.584545,2108.653432,1590.81764,1360.613732,1208.932836,1292.391477,1318.377591,1262.656039,1155.250158
420,7220.598662,5140.885402,1831.242159,1796.142255,1778.797268,1734.535166,1275.297181,1180.87074,1186.78394,1262.270785,1156.548933,1065.632402
421,10593.95696,6595.198257,2538.218467,2175.312231,839.7199773,873.3227766,348.2684899,504.9899024,940.5300368,716.5002642,737.5735954,760.5535204
422,3041.031917,1677.474897,762.4346508,760.1751802,757.9165771,755.3386688,755.0655392,749.8868912,735.4937305,690.6198277,685.8614678,636.8770806
423,4518.639041,1608.068355,1134.917937,1084.341766,870.1438913,662.0937661,672.6594978,600.4535815,115.9258131,-12.42955055,19.74754051,24.53619374
424,51283.6061,25045.16686,8461.621708,7381.874247,7102.390142,4510.191733,4808.101551,4353.560618,4329.08459,3615.199592,4059.009659,3854.76718
425,3186.658785,2249.141158,850.3821642,796.5408736,794.7238068,783.5936707,666.4275624,583.5701109,580.1442948,601.507225,475.1313575,205.7320622
426,10973.23441,6906.682259,2731.187102,2163.679837,1710.306612,1566.394386,1547.961003,1510.195131,1709.860497,1676.493836,1037.399547,582.8520609
427,5199.768115,4066.246855,1376.638547,1295.100159,806.3658066,523.962706,198.0373061,202.4963179,170.1371208,166.3588665,139.6360479,101.2666116
428,4636.861222,1563.48474,1142.056498,1008.930497,839.9061924,634.1915042,832.0583274,744.8658671,566.2266494,601.4952631,605.7666461,606.1762477
429,6134.281339,3915.33448,1550.601784,1523.182003,1469.487303,1234.891476,1074.391604,933.6902531,999.5283022,1030.136655,958.4823912,876.7928974
430,8141.15034,8726.459397,4205.727899,3179.346246,2410.522253,1580.467792,1713.160361,1638.718967,1390.285948,1280.332069,1164.910175,1045.912747
431,31071.12077,20838.28994,6896.857123,5817.062108,5845.214982,2986.28331,3172.888908,2720.298872,2747.433519,2426.244975,2487.444137,2380.499337
432,3883.460665,1893.804869,971.9135175,964.6127591,907.9158612,933.0393541,803.573058,704.2865802,666.4225445,746.6964278,696.8725757,692.9689463
433,8768.161015,5385.502834,2414.79093,2804.9729,2206.752076,1706.408109,1656.777638,1423.326643,1357.75602,1394.356535,1369.009764,1208.936051
434,4412.404981,1824.243306,1094.935465,1092.245373,892.8307001,701.7228997,863.9683563,879.1956156,762.8266743,760.2823061,668.9878379,657.2058666
435,5224.849997,3573.150154,1379.406067,1311.684515,1340.361137,1275.668305,1206.72272,1191.508218,1023.013501,995.1404096,974.0610591,912.6419779
436,2882.658606,1844.55927,774.4964165,721.6537428,720.1804457,702.2445577,671.3479449,650.7822915,544.1702848,594.989615,496.8140223,351.7962613
437,4302.866123,3199.225747,1151.787519,1076.956589,1154.470742,1075.479805,877.7917293,765.298693,822.1699703,819.6186454,734.0309305,713.291664
438,2784.395415,2191.596088,742.7670321,699.3760444,431.7609735,306.6955633,272.5805951,316.1627377,315.9635349,262.7387515,282.8360317,283.7339816
439,80914.89345,34815.58864,12551.54694,4630.80581,4338.316791,5940.350735,7294.727616,6906.363795,6846.093139,5669.461169,6425.532402,6096.708658
440,2774.691547,1534.037484,742.8944143,698.2510725,691.8419187,688.0805075,700.41778,664.3405455,648.9205712,323.0264326,335.2085496,303.3421763
441,5136.289259,2526.50033,1259.570384,1177.857602,987.2333634,789.4584826,810.3735911,774.6723505,805.4796596,765.6041098,624.7453256,629.8975054
442,3489.874353,1916.826605,891.0886079,870.4638717,862.4513683,868.6714442,823.437714,742.213933,805.8797219,806.3354609,755.5912842,729.5988197
443,3969.825574,2193.906891,1047.50483,986.9570776,871.7021214,642.0836634,785.4417682,760.8363992,647.1272381,205.4024285,137.0726213,101.2397701
444,16708.75784,9255.773954,4060.826211,3051.124979,2057.859522,1929.432989,1991.814602,1677.215724,1774.530271,1827.999005,1276.867335,581.5110055
445,4202.536124,1929.998179,1048.04976,1043.147547,969.4927639,833.2066746,948.4345178,883.8715832,756.2279185,782.8090647,738.5314957,679.2184854
446,20016.73166,9597.272745,3295.967892,2825.677518,2991.925872,1946.676553,2277.237577,1893.357173,1788.545744,1501.034028,1659.237398,1526.409012
447,7253.040685,7316.433664,3186.355702,2556.180478,2090.523295,1758.62195,1445.052846,1312.143426,1266.816907,1230.122092,1149.127743,1128.835285
448,2865.188243,1447.894614,714.3526633,714.5938999,709.4167534,697.6806502,626.4049543,609.949815,505.5515779,556.8002984,551.0911015,528.8142878
449,6085.293588,2449.682425,1522.191618,1389.103222,1069.364612,849.033799,973.9446114,757.2223627,676.2892428,746.8951347,722.8950549,745.6621943
450,7171.785972,3223.427259,1613.907001,1301.327067,1186.587236,797.5133229,1124.254571,851.8224225,733.1098973,825.3782742,849.0785425,877.8129043
451,3674.027917,1921.503293,932.1582148,916.5383326,905.2669844,877.9771821,789.9592109,676.5784639,641.2524549,733.8649909,677.651561,668.4109549
452,30482.25162,14059.74093,4990.617426,4263.235586,4187.734492,2730.929635,3001.175818,2609.863974,2576.667488,2204.98445,2501.517711,2342.824663
453,6024.944522,2487.740108,1515.89074,1205.193388,1047.502114,780.0401571,1040.193587,948.9156244,707.1395209,750.8396791,780.1120306,779.4651647
454,55889.51458,30924.29715,11003.21696,8757.571622,9600.167615,5021.037512,5277.229378,4757.352632,4717.890466,3939.171475,4427.803768,4202.900994
455,4333.864866,2040.961726,1214.713763,1150.054733,1064.723664,839.9034799,960.2468097,882.63093,763.5365503,764.3361268,691.436754,660.0882953
456,6839.074736,3376.68397,1675.716086,1347.205885,1191.419438,821.7247457,1028.616059,761.3966908,707.1880758,815.0953813,727.2092117,802.5416421
457,3436.475026,2544.092113,917.6295465,863.5190324,920.3118294,849.9773913,800.0613345,783.6621071,651.5149925,697.569242,674.5770869,648.0183545
458,10911.90722,6603.272867,2656.494684,2195.438694,1901.939768,1331.434199,1497.143213,1194.438031,1030.793234,1013.292633,999.0548641,1009.293998
459,8839.53748,3812.243542,1559.260529,1330.838227,1201.031818,860.738929,1484.93821,1345.852147,1003.439705,1050.984286,1133.086059,1117.115487
460,8370.597589,5244.978707,1664.829333,1442.300254,1344.807533,921.6862673,1223.038155,921.7960219,854.0315098,944.4548175,878.2437284,955.4196436
461,2774.691547,1775.850873,760.2450702,697.2683671,598.0492697,308.3872064,272.7533158,272.522016,208.7635252,202.2053573,180.3612529,182.1181021
462,22083.83756,8864.072014,3262.865265,1217.478907,1146.769401,1839.685678,3166.743048,2380.579072,2148.457274,2426.842257,2419.561523,2331.101619
463,41837.29228,20413.19598,6923.106383,5812.470721,5781.28296,3682.943212,4058.676311,3561.590559,3538.574622,2960.321862,3315.091622,3150.040308
464,4492.484245,2289.013306,1181.616271,1124.980892,1034.003937,885.0371259,820.6694732,690.5527426,729.4086966,725.7768844,585.866907,568.572092
465,2776.1811,1152.958731,687.2758258,693.1149107,659.4090824,683.9266608,695.7994564,683.6447225,669.0256486,639.1220824,629.542877,587.7762502
466,7049.562122,4809.838733,1779.972359,1752.179559,1730.091945,1684.017593,1210.440992,1158.671998,1187.15248,1249.320053,1150.962732,1119.051102
467,9464.967686,6242.653171,2398.263813,2350.739012,2142.152086,1810.158476,1575.722916,1386.432983,1450.412829,1279.178919,1076.090557,955.0517107
468,17475.01042,10288.9408,4277.483879,2830.252068,2056.687715,1862.353957,2036.684344,1635.819786,1693.619162,1846.836467,1267.540576,603.0304348
469,55284.93919,34141.61969,9273.490497,8102.302484,8342.148101,5005.295127,5259.397798,4816.837419,4857.54807,4199.959912,4400.579142,4232.112398
470,7540.324994,4037.594253,2050.423821,1886.903328,1729.85989,1183.722243,148.5459416,62.96861405,201.4050162,126.8015864,-59.80236914,-39.50500838
471,14458.46569,7939.471078,3385.004027,2626.798351,2403.82998,1523.71202,1668.58107,1308.585051,1376.427191,1387.409419,1380.635986,1427.121082
472,56699.71257,37943.50347,10587.14882,9296.006323,8753.406448,5313.547974,5452.884157,4949.416732,4997.458246,4336.957765,4517.282835,4338.375435
473,39801.82459,18625.72852,7869.637963,4019.490745,2601.113606,3138.179502,4205.248526,3468.370194,3650.121679,3797.915989,3744.352051,3580.657913
474,8934.966201,7938.953346,3507.367715,2569.42477,1953.785735,971.2476777,1388.915804,992.9160544,924.1171967,1087.739655,1024.178736,1094.352364
475,7194.93091,4878.647973,1827.921361,1798.262236,1797.138149,1678.579242,1345.98374,1270.473856,1181.229794,1200.936769,1111.236762,1063.590713
476,6487.257056,2654.308345,1580.456724,1360.7112,1075.453709,829.5777168,971.5075658,737.4052574,663.6950381,743.1835112,688.539323,752.3777937
477,37797.30407,25199.70297,9323.208076,7642.316866,6614.387848,4456.552803,3847.391368,3465.670564,3370.079053,2954.777616,3026.269664,2918.005005
478,10751.27185,5929.936293,2695.173557,2662.635837,2333.43207,1706.914522,1444.994208,1463.248943,1584.967544,1340.057639,1126.601522,1041.627511
479,123646.4027,64247.70858,20038.55957,8577.16806,-3709.241773,-7815.596331,-7705.020674,-6175.303835,-5835.53702,-8473.771849,-6780.626342,-6639.057977
480,3394.770139,1665.238625,853.4496359,847.5205157,835.869279,839.824283,812.4104423,780.4970741,674.7537108,706.0341577,677.5295815,662.4458631
481,4518.639041,2403.96676,1160.250156,1093.172881,933.5411955,692.9766261,842.8817252,839.1184892,723.668501,626.2347437,618.9984748,612.9985573
482,22684.01171,11487.69426,5650.353859,5517.426656,4331.424006,3056.352474,2494.109328,2663.037806,2909.522992,1953.859295,1996.318648,1913.227664
483,3220.950852,1494.672304,814.1618156,805.9171936,742.8229932,639.8537618,731.6731575,673.7449521,569.0389644,569.3580205,257.36677,186.1378271
484,17357.25611,7954.660275,3374.808454,2948.621333,2495.320615,1720.674716,1948.35528,1547.959485,1605.754163,1631.170438,1656.371837,1693.056472
485,40047.14628,23631.42058,6645.445807,5603.585352,6004.125601,3629.088544,3930.819312,3489.580521,3523.142056,3055.395108,3185.898579,3065.905623
486,5105.449697,4851.632611,2656.494426,1988.037533,1475.603001,868.2239322,865.7392865,783.4344507,814.912634,817.9851983,629.2808987,649.827378
487,4063.973283,1890.102015,1015.153012,1018.578294,933.1526167,793.1763723,800.5610335,653.8087467,666.8462756,694.3482781,554.427982,568.890628
488,3589.761741,1807.933792,890.9501461,887.8837451,840.0728141,863.9487007,795.5896917,805.2246207,665.2629337,704.3029649,699.1954579,658.8994103
489,28586.88728,13512.79811,6332.992969,4938.704823,4442.26807,2731.100472,2905.163975,2436.185634,2426.855342,2087.319362,2275.056414,2157.952822
490,10265.71558,6316.534771,2586.724272,2533.615977,2180.457203,1587.555303,1407.173204,1445.968774,1533.009393,1311.989598,1053.256132,988.9815835
491,11748.55273,7315.114008,2837.030065,2172.321106,1939.995942,1216.516466,1579.644193,1241.000667,1099.848787,1072.357103,1059.130951,1074.751647
492,4364.337936,2085.769067,1091.204919,1078.946055,930.750083,838.8779639,954.4437449,885.7379595,764.72569,756.4527563,692.285182,651.126807
493,3678.544135,2484.690305,1131.467399,1256.552152,1084.056292,923.7498869,819.1306889,689.7234356,696.8945883,763.6425777,675.0293157,681.3419881
494,3035.138055,1881.66414,802.5372769,761.9910482,758.9571505,756.0770026,687.1867724,620.3181124,703.4996821,709.0318796,671.3870459,677.5598799
495,29117.63717,14259.70811,5491.496461,4925.564291,4459.874351,2735.425673,2920.537869,2523.36291,2519.845078,2093.346687,2381.710746,2209.194814
496,3376.711886,1940.947479,861.6399737,851.0032199,833.9247111,844.1091183,852.3209906,841.8026264,834.3900786,819.9712907,804.1341139,791.1337312
497,8113.094994,5026.367064,2147.329068,2025.268211,2068.810732,1917.296048,1506.889279,1396.193752,1304.235997,1264.96359,1228.316766,1145.298239
498,22656.75778,11311.4466,3738.73753,3170.425482,3120.49936,2083.738697,2413.561025,1954.572378,1973.68353,2065.281486,2101.168304,1970.384831
499,6636.697943,3197.244736,1650.280681,1641.075679,1417.731686,1270.733706,1401.800211,1357.450157,1119.552248,1036.552234,987.4701382,882.4456558
500,68953.89698,29070.27209,12996.62149,5329.759525,4470.971649,5545.689798,6453.161056,5885.770785,5858.688115,4955.143065,5485.349916,5204.882688
501,28573.79561,19670.71765,7602.627403,7096.976273,6892.174299,5360.97386,4266.08759,4097.668531,4323.037873,3937.784424,3571.595766,3043.698872
502,3217.28837,2196.843413,911.3319444,813.2881261,797.8313943,796.2688492,806.0341951,791.9350926,782.3190097,762.5540574,719.8194087,651.6251921
503,2800.575501,2091.80951,755.4274747,701.0205102,701.5128777,701.0530902,658.7936365,644.6675299,557.6520301,580.6993388,553.4300277,536.6057107
504,4007.938432,1968.576095,1011.169102,992.7240557,510.5359108,200.3684537,144.5884334,92.6591855,113.2996069,94.94352734,16.36690853,36.17645935
505,3378.524625,1958.039028,853.6151326,840.1051495,833.7028156,843.7804605,849.3579226,841.8512382,835.4518282,816.2072987,804.4747505,790.7573925
506,31953.40423,14682.03497,5958.632129,5366.10432,4522.070514,2908.654223,3198.613692,2726.223254,2706.298019,2302.568761,2543.988743,2407.726192
507,38168.03442,24713.89799,8265.47413,6445.115089,7127.28845,3545.989055,3788.264924,3327.257628,3360.340409,2926.862587,3039.769214,2914.886794
508,32593.80008,16338.21904,6129.681874,5495.483576,4986.145361,3060.413138,3292.830299,2823.258687,2831.857981,2369.930699,2599.923918,2466.223928
509,2782.750045,1500.64604,699.2393914,693.7467933,658.015714,680.882554,677.975754,618.2177756,529.4374529,246.0241196,240.1822781,201.1132965
510,3489.874353,1920.849945,888.9747809,870.0153803,861.2444111,868.6008435,815.9315219,704.3116116,711.4576109,774.0303879,713.4529649,690.7692569
511,3909.058772,2120.802227,1007.53719,980.9320757,977.108916,803.088193,896.11587,844.1623487,718.823015,781.7398851,744.3277555,689.8936063
512,3480.248703,1882.125983,887.2477951,871.0696204,844.0229452,841.3386798,798.7691966,787.5934841,649.4602854,685.1481417,681.716051,649.4208372
513,30996.67619,18804.98331,6901.160338,5334.063917,4984.932691,3092.995351,3163.886612,2712.900866,2745.379243,2424.020308,2476.601215,2382.082371
514,11674.20865,7412.633109,3108.7459,2919.917406,3106.057873,2732.459695,1890.51096,1865.016234,1853.693063,1757.811557,1743.222673,1588.563148
515,6781.460486,4168.272813,2074.52777,2207.093889,1835.711714,1644.816501,1325.698036,1257.319431,1526.332838,1445.214306,1389.46588,1389.501956
516,23209.9993,11597.84532,4167.883272,3486.409205,3399.192413,2222.993353,2647.111213,2186.833192,2064.311535,1715.697094,1859.605009,1758.990027
517,6471.796778,2796.379497,1697.661213,1620.586583,1498.666238,1081.457527,182.4277671,105.0488433,178.8074198,217.0722481,163.8113557,109.0367084
518,14963.31624,9066.645522,2811.360128,2512.191066,2315.406471,1508.59723,1985.523265,1588.41988,1402.889879,1368.589763,1369.257868,1379.922651
519,3493.493607,1500.066489,883.0369645,871.122042,835.3320143,849.40514,810.2293138,793.4150754,657.5031239,704.8136756,687.1353058,655.716608
