1,9701.603572,5267.745747,2904.817472,2019.53982,1592.530048,1313.08652,1434.759705,1192.514295,1007.256148,992.4734684,1103.239257,991.2427432
2,4973.255259,2985.607339,1927.641891,1535.037134,1178.694107,1083.39461,966.382279,848.7553037,799.5471948,800.5001681,736.3811287,690.5916524
3,4654.435248,3559.05752,1792.414512,1497.443974,1100.44707,1076.214772,1079.63456,879.0017979,845.3558826,820.206324,852.6822184,723.1482767
4,5107.377713,4288.455982,2256.43925,1802.44168,1649.593203,1506.811599,1113.622662,1200.525163,931.3553348,1138.87922,809.5338005,763.6481907
5,4009.869011,2188.319618,1313.07952,1125.721847,914.5970568,759.9116479,697.8353003,634.0454026,571.3380149,589.6665151,544.1935694,526.3821503
6,8008.168897,2902.259715,1872.921836,1589.962477,1349.310042,1114.088861,1307.697387,958.4317224,769.4004064,827.2242442,761.9418497,698.8391266
7,8969.435388,4666.412672,3331.504609,2585.414809,2065.912408,1850.384806,1674.301746,1401.490046,1311.026851,1341.838355,1165.700386,1066.258973
8,4151.880176,2190.922464,1483.044715,1394.158714,1122.040395,1078.021376,1127.182875,800.6390264,732.2420297,731.5909906,769.8715208,703.7153253
9,8803.511145,5337.187793,3023.956133,2312.189159,1909.03422,1440.503832,1426.333207,1242.65316,1058.902444,1093.452639,1079.208013,972.8824527
10,5278.818697,2905.560827,1707.067753,1356.673076,1141.494551,1066.883363,1022.582132,946.1993989,661.1644008,853.5889823,688.3576124,687.0723088
11,158238.0373,82058.9618,27526.26075,16486.72505,3000.791366,-1266.430152,-133.5682365,-1359.588316,-703.0600768,-1357.543731,-1472.283919,-1704.949144
12,4098.103688,2399.72687,1419.723783,1186.471729,977.2947565,864.1637471,869.9108832,712.7003991,653.5508161,666.8047835,634.6670089,576.9562495
13,52724.25549,25203.98911,16456.99679,7583.261067,4638.301107,-551.9575674,161.9627917,-346.1657536,-531.878556,-555.1738044,-558.6562346,-689.2152064
14,4341.30536,2439.756129,1670.314124,1446.155619,1100.592945,1085.470982,1018.649093,807.3159667,731.3761802,773.3528448,703.612617,648.7675724
15,3012.354278,1882.606903,1138.069328,975.4300493,785.2523441,760.7831537,736.4085305,603.0131846,584.6480176,553.9997933,585.5723242,514.3554697
16,5138.223056,2732.838642,1655.010902,1332.679665,1070.413399,858.4694184,836.8627596,767.0014137,677.2448208,693.2453199,722.0884939,700.6426676
17,3808.207844,2389.175881,1493.585104,1197.627856,1005.496464,939.5882524,794.6973498,683.7429565,676.2704357,670.9427349,652.7889406,607.7616362
18,3119.937959,1775.101602,1096.285385,884.0974359,720.1814061,675.1498534,684.5464979,580.538238,552.5337677,576.1447178,554.5541878,486.3999975
19,8625.705538,4716.805002,3202.740373,2445.701742,1950.505454,1748.652497,1581.906565,1330.594261,1278.132616,1279.285125,1120.783861,1026.73481
20,3821.888171,2403.261312,1478.911281,1189.06306,997.1389863,944.145137,785.0103344,692.1738775,681.5522124,681.5405672,663.1260802,630.8680156
21,3247.131475,1949.600606,1389.709234,1135.703226,859.5691143,837.9282881,811.7727636,659.3362227,591.9674273,612.5395472,569.4167158,537.3285775
22,4147.599365,2192.469946,1498.39228,1366.505118,1010.325126,935.3880841,1085.803334,785.6653063,729.8000269,725.3191959,708.8585053,637.1514573
23,9046.115853,6537.038553,3652.123875,2713.863633,2337.469238,1792.183848,1785.588065,1396.214975,1294.749877,1380.577615,1323.921606,1146.927678
24,5448.85891,2828.049555,1711.229274,1358.10084,1038.154802,917.0539748,1081.611357,836.9441989,805.7468551,720.4054526,807.125353,729.3070986
25,54436.14082,34110.08797,24007.28427,11133.53262,8121.517194,771.5492977,-60.69942081,-357.8877972,161.7455558,136.766461,-629.313977,-882.9445107
26,2905.004248,1850.439903,1177.230242,1023.990789,722.6450422,747.3127809,819.2362221,604.8720422,566.2430642,537.0679077,447.6850527,273.1306948
27,8662.402938,4516.284786,3293.932093,2932.496963,2224.426397,1920.726352,1872.618483,1425.438498,1275.670881,1353.302082,1134.235458,1054.693683
28,10768.94167,5535.970569,2979.689658,1995.066738,1615.319738,1232.807968,1480.02892,1172.815242,960.4726475,1016.83163,1079.108208,977.3668183
29,38644.55528,22689.23392,13062.2028,8257.80949,7241.688473,4845.035744,4709.055294,3722.337223,3546.174088,3291.233137,3095.536712,2700.268334
30,3674.714508,2758.104103,1513.191852,1241.44354,1144.526366,1094.646917,799.5412947,831.9083855,661.2275347,689.393601,657.6441942,637.4550764
31,51504.25685,26619.08245,14198.50438,9083.749518,7498.963648,4933.791724,5358.325486,4259.700596,4064.079928,3696.157505,3673.795169,3150.774787
32,11045.85716,7605.284873,4553.519251,3319.585318,2764.276518,2464.317431,1891.040096,1695.275209,1641.318368,1591.180776,1476.823652,1246.112514
33,22806.53458,14102.87657,7995.689707,5595.68472,4355.514651,3110.092215,2964.307043,2420.371763,2288.706809,2164.757142,2050.421677,1749.214996
34,4495.414704,2520.285539,1739.072334,1493.719219,1161.35891,1094.436628,1040.176863,820.3414403,740.9434875,777.0681836,704.8428558,662.9109562
35,3144.306119,2383.552609,1447.505317,1281.456557,1096.863148,1074.175617,894.2996226,801.3752548,640.4184334,805.7764695,635.4840456,620.591073
36,30282.56197,19596.6101,11533.27989,7902.536618,7596.506725,4973.085901,4085.605625,3826.561067,3373.586556,2963.900326,2765.050341,2425.456284
37,7833.293875,3507.72235,2042.999011,1380.768357,1122.2934,984.6211085,1049.742194,901.8483106,805.3338755,819.8828935,815.140636,784.6288239
38,4514.450551,2558.60965,1573.127811,1252.241826,1007.110254,914.2031466,926.6578971,759.9200571,680.773017,721.5880278,706.756568,657.693085
39,4077.01113,2385.572775,1525.558926,1208.540565,1008.991716,959.8375422,1048.750759,804.1425123,770.5342036,735.8184745,762.8545102,666.9168801
40,5153.221995,3005.41262,1838.738801,1474.012908,1205.268907,1079.12728,960.4575469,842.1461642,813.0787138,826.662898,766.5150576,704.6633361
41,4353.842319,2514.230975,1472.965478,1280.097344,940.7369824,958.2096803,1022.34078,789.6188151,758.7333479,716.3585786,746.8699661,708.9212446
42,3809.118522,2395.7849,1475.072927,1188.246448,999.7028646,941.3952635,783.1940174,690.3632148,680.4619302,678.5859273,661.063132,628.8050858
43,25555.52836,12082.10875,6932.140354,4149.095315,3488.161936,2569.409164,2797.605476,2204.423662,2023.178556,2007.833743,1833.475137,1570.37856
44,5612.048208,2604.32298,1753.869928,1507.02322,1055.166521,931.0961319,1042.518283,824.3641908,730.9635333,724.5297091,720.7690807,706.6138316
45,4555.366942,2255.276269,1531.120724,1375.855633,993.4087539,915.8727918,1049.35229,766.5053704,688.0578399,713.303844,669.6064356,653.6336156
46,8054.542051,5477.674203,2601.145993,1917.01663,1532.261731,1570.254602,1408.124013,1142.329719,1083.704051,1119.888575,925.1108702,848.7763681
47,10846.21531,5013.769496,3183.810761,2103.824005,1622.782434,1507.489917,1402.217412,1239.656299,1150.039578,1133.417426,1121.627852,1095.469845
48,26026.47124,12801.85762,7141.569256,5056.628159,2737.203399,2239.680088,40.69678143,109.6079253,-105.0786436,-39.71923195,-2.716259714,-82.15589939
49,11580.28821,6705.299628,3814.912422,2871.842041,2184.872853,1611.358237,1767.337821,1399.038622,1209.492336,1183.240979,1187.057931,1052.550728
50,3657.297557,2017.567412,1439.817881,1284.487293,1060.131776,933.9848458,899.6717574,697.3080901,650.8873274,665.651114,628.3166365,642.9399252
51,15161.12402,8898.391745,5213.370992,3737.551735,2978.885652,2215.820862,2047.415633,1807.26844,1648.670086,1566.716773,1548.878376,1383.634101
52,3033.786069,1714.554195,1145.169464,1103.675804,803.9695737,798.5397835,901.2486644,652.9902528,596.6122469,577.0730016,589.9654436,519.2426842
53,47384.61588,24286.74857,12488.70101,7032.369007,6579.587019,4433.357405,4803.50556,3845.160427,3607.929001,3344.671071,3311.174874,2860.635981
54,17095.25399,10132.20721,3011.353281,2429.697675,548.7934001,91.36897342,291.4700271,189.7200994,46.12487141,17.14489716,170.345081,173.8143317
55,9928.516217,4286.188793,2300.053736,1485.775591,1185.724153,1133.087891,1234.140396,1084.274507,952.4270368,950.9846467,974.3390794,934.3941205
56,4566.933042,2249.885404,1514.68055,1326.690982,1083.355843,844.4377575,990.4230332,776.4689084,708.2040407,708.4603012,687.7284522,651.5809376
57,4777.663684,2661.882457,1834.994649,1507.298001,1215.28424,1104.223254,1091.269876,865.475009,805.2525162,819.1556941,739.7592028,692.7094973
58,5014.460238,3240.32748,1923.092891,1551.186678,1233.03676,1129.165124,924.7213594,845.4390508,798.8631868,823.558647,685.1437303,634.5900154
59,6237.27034,4339.067286,2460.747422,1920.958854,1655.774738,1444.099356,1258.23598,1075.18567,996.6711189,1000.342366,976.1932951,868.1402258
60,14295.44617,9494.03157,5562.701376,3961.260323,3101.741228,2378.036626,2364.030973,1893.875102,1773.21593,1801.584156,1438.824946,1279.256631
61,4244.505131,2237.973382,1484.878869,1390.489363,967.1246545,963.6208611,1043.523671,796.5164453,757.723259,731.7180427,746.1611375,706.7046495
62,5090.297218,2696.932881,1638.237386,1307.446269,1069.069199,881.2532537,993.2921231,797.3853978,778.6042654,700.5260163,739.2487116,696.0419864
63,4480.132797,2230.776447,1518.967613,1483.298584,1155.607225,1053.805968,1143.986786,807.7677787,731.1489811,720.6521638,742.6212256,707.9671574
64,3754.583874,2146.822946,1468.481726,1175.007953,994.46838,951.9296039,890.2125629,719.1411443,676.0367754,675.2511843,651.8619615,619.5865882
65,7730.758362,4743.110098,2376.921244,1622.537607,437.4729278,406.9739693,307.788712,207.3375234,185.5482763,160.7458077,89.00543229,77.93280449
66,4063.968656,2113.93072,1503.548517,1384.439488,988.489662,877.7123684,973.4441544,727.5195931,637.88168,648.1657414,547.6434032,508.8943991
67,6028.171535,3371.483052,2457.803338,2122.435855,1585.65654,1547.577522,1437.541139,1055.722757,1019.316184,1019.220437,857.5181201,802.8973454
68,6765.00604,3774.306819,2756.47799,2395.865426,1937.833667,1731.970771,1572.712103,1182.528345,1132.237287,1138.96546,958.5978682,898.5315642
69,6860.791965,3437.579467,2077.619167,1482.286073,1330.011664,1183.016039,1026.517724,987.7735099,776.7826879,798.9675511,789.3233879,765.00553
70,3600.366418,2270.170947,1492.351748,1210.824175,950.2834795,911.5575219,856.634007,717.6056247,729.6775182,675.0992864,707.261952,664.930217
71,3628.77876,2120.337082,1188.9447,1239.514794,784.7618106,822.419393,940.6346589,681.5855719,611.9488312,535.2585389,208.2136188,201.0845586
72,4547.695176,2274.843023,1511.62353,1194.011487,976.6487586,876.5803576,1000.396215,789.4818913,731.7899486,724.009533,737.0267793,665.0324703
73,9032.077556,4887.563289,4640.57901,3538.619348,2002.616027,1754.413327,592.0294221,328.1688827,242.3115566,285.5229126,105.1621813,100.1465654
74,3743.277075,1737.525038,1198.851105,1144.795935,1003.572859,808.8510287,841.9334893,639.5471302,550.8569976,628.9030382,544.2605383,496.8797952
75,2693.497251,1472.724078,1002.957566,972.3748455,820.1476049,753.0019489,726.4725837,569.0730438,526.0302865,540.8405026,511.5497897,451.248211
76,7312.512533,4787.897994,2657.241475,2030.147164,1688.835629,1349.378908,1486.940109,1162.318148,1104.756868,1073.15823,1078.073245,884.8049191
77,3766.022704,2152.252163,1460.377248,1150.09376,1000.190424,961.6185207,958.5039834,751.4197322,726.6668918,688.8078257,678.8196781,624.5053358
78,15568.23889,7436.933784,3993.002421,2614.524639,2013.135738,1597.181,1950.691515,1547.533631,1260.715075,1316.77795,1368.217946,1248.510645
79,3134.04195,1565.763078,1042.286077,998.532419,723.8848074,664.6876866,813.3922675,599.4764283,529.2913766,526.5399084,513.8846331,466.8999374
80,7447.187981,2959.959599,1885.000368,1294.820933,1091.156532,940.1235852,1143.074089,908.400786,734.1769973,788.0464869,790.3882416,800.6905734
81,12898.53367,8096.753512,4397.638634,3203.161943,2469.36876,1790.554877,1993.016073,1532.836426,1355.670191,1348.549175,1388.926101,1207.776172
82,5986.453453,3043.597325,1790.25705,1453.96136,1167.012197,948.9538832,1065.794359,838.4534276,682.7144597,724.9207397,707.695756,695.7164129
83,7261.615281,4268.827625,2930.520513,2204.912653,1856.867498,1740.409297,1439.572459,1212.885341,1172.026493,1178.478015,1029.662662,943.9718955
84,7668.334761,3175.091148,1742.447392,1451.446968,1154.20581,1041.867146,1314.881035,883.6335108,708.5489423,61.1882138,81.74975542,81.90450663
85,42047.00238,19291.26375,10113.71315,5833.543063,4625.732154,3623.89699,3962.063699,3207.92919,2884.760415,2829.722294,2725.970545,2354.184591
86,4922.545455,3383.287243,1911.462056,1509.403488,1297.259029,1174.079501,1146.456941,928.1365453,925.9722747,878.9155559,938.4588239,769.4530813
87,35841.8995,21810.95714,12594.80601,7868.761542,6836.495868,4711.858926,4518.127341,3574.193156,3622.13441,3248.113928,3079.6978,2623.298284
88,5900.76439,3587.170146,1946.012217,1522.548508,1288.522063,1177.514261,971.9599351,1010.545996,758.1999394,763.7886578,767.3243473,730.259615
89,5053.71982,3172.291037,2164.471784,1571.456937,1294.755806,1214.467997,906.9636367,844.771508,830.5957639,868.1886487,717.6260363,613.8405225
90,4467.781387,2374.116237,1511.698219,1384.559823,1027.145447,911.8348658,1143.161366,811.0926763,733.7724135,718.2324822,725.9854508,656.0648747
91,3607.92021,2022.916206,1388.144107,1203.938753,932.2002079,919.6390511,977.5429967,734.6779058,722.6001159,681.0894721,693.1806668,615.4728379
92,9026.9413,4424.351346,3227.294092,2396.500516,1816.725557,1688.828273,1536.051585,1278.019836,1193.041311,1240.805553,960.6684168,812.0945482
93,7317.575328,5871.118581,3065.338168,2330.880439,2169.367402,1648.43382,1679.162015,1293.007882,1243.73577,1201.87242,1185.317462,1000.36483
94,18417.99658,12348.92857,6726.801092,5059.922752,4289.987973,2692.753954,2539.343827,2193.255948,1939.268101,1890.767431,1686.380152,1508.792513
95,3943.230363,2539.475614,1531.041068,1409.351426,1136.073076,1014.787868,976.7888958,847.1628289,649.1949252,836.7043346,659.7116079,651.8338577
96,34161.32356,11824.73274,7014.659781,4681.045777,3332.825295,2938.193189,462.6802792,336.8252281,21.52851895,-0.513840616,5.72746662,121.6541328
97,7197.818257,5182.814977,3000.466233,2272.328836,2160.620572,1871.19734,1430.949615,1374.229685,1098.104793,1100.184912,1010.608948,861.5803431
98,4495.398686,2855.143393,1748.866667,1450.655705,1141.48969,1078.077688,975.9232506,855.8549435,861.8119111,820.8704695,784.6085646,726.9680076
99,10138.57214,6447.673805,3549.086559,2617.772003,2117.628508,1524.858536,1852.48461,1415.764366,1353.852871,1331.211647,1339.039771,1144.281812
100,14464.2089,10171.34699,5018.815235,3558.518016,3019.274896,2062.99574,2237.450927,1717.278372,1498.010042,1447.315624,1447.506424,1301.381437
101,10259.16329,4032.746246,2608.992244,1876.49611,1459.366542,1278.156879,1513.470915,1178.384604,1011.195739,1021.95314,932.490559,903.0261404
102,3753.568402,2360.237223,1462.666004,1155.968849,1041.821008,959.7967801,955.840303,733.3857775,730.4270061,690.7746362,715.1212859,633.5780345
103,8623.403868,3244.847672,1944.425053,1481.147297,1040.553558,984.5191515,1236.881262,983.0129149,779.9144286,840.4750279,876.1867373,868.9374905
104,3730.165979,2082.527431,1416.852162,1254.334303,940.6457701,951.8033988,1074.033071,761.7818107,701.1860818,698.0147789,710.5603309,627.4278843
105,3785.237139,2004.242224,1413.823389,1213.397112,840.953414,789.8377977,939.6335928,665.4004647,574.8722338,163.4078292,136.7429153,146.2851129
106,26842.9565,11153.95733,6977.422222,3918.220527,3265.999934,3152.462668,2745.120828,2258.225964,2208.831348,2233.835176,1915.003627,1748.099987
107,2972.046565,1611.919864,1180.683871,1092.104663,895.4356861,848.5630455,911.2164357,644.1895707,604.6683867,565.8471564,597.5468529,550.3542432
108,12090.07881,4591.786338,2971.555622,2022.781207,1568.385072,1498.848922,1688.684335,1269.447558,1135.520634,1030.137784,712.6847099,253.4251905
109,5155.99786,2995.783715,1797.689057,1453.25385,1304.895038,1040.318081,1079.493993,865.1802949,766.5970803,803.0847808,715.9147113,685.8366986
110,4697.469412,2592.597093,1768.321928,1546.549761,1191.990356,1075.899078,1074.9965,847.2193201,789.8884828,816.4107298,734.9795771,678.8173484
111,3615.663686,2020.95995,1396.548516,1307.860642,949.595965,972.3174724,983.1372561,733.0074304,718.5065961,676.9413911,693.3309862,677.8288383
112,5650.499765,3095.537666,2155.565206,1882.227683,1454.173678,1298.110797,1254.762662,1002.975845,901.2495375,936.4403597,790.3659213,734.002468
113,6853.401301,2721.426464,1787.242078,1438.420493,1177.481736,941.3075225,1202.48114,857.7474485,700.0310105,751.256176,759.1949129,716.1920443
114,4490.521178,2238.268107,1494.569308,1373.203665,998.901439,948.1056059,1108.854146,800.169701,744.4682978,720.0376842,730.6854127,676.6511693
115,16716.86912,11072.20771,6528.613168,4951.546405,3918.821104,3086.078608,2669.541467,2237.779597,2098.303857,2205.299596,1853.04619,1520.477153
116,3574.435925,2331.616461,1507.667296,1203.812366,966.965456,896.6332044,774.2809845,662.6406746,644.1146926,635.1732275,583.6165531,591.4390325
117,10017.05395,3819.776037,2382.024157,1778.405164,1509.557472,1359.749937,1604.492707,1157.136695,946.1391859,959.8312259,943.782007,888.2294673
118,3803.504699,2135.77423,1452.388676,1239.111975,955.8447636,938.5739907,900.7681801,719.7216646,660.9053293,689.2650112,648.5811377,623.4899128
119,3645.877192,2035.531456,1421.876826,1234.997396,979.6412409,926.4663708,886.8465757,711.4415958,639.351134,671.2810351,634.3043642,603.0906187
120,14390.30603,7714.276065,3941.25359,2561.76329,2363.113315,2230.738826,1989.576666,2047.979154,1382.54777,1761.110638,1314.899286,1323.719236
121,3783.164166,2396.754154,1450.291376,1234.006092,953.3918057,997.9270186,880.8907181,732.392852,750.3841185,693.4451268,729.2150858,689.6706404
122,4373.271455,2526.451847,1544.000113,1199.746122,993.2551469,927.9260558,1002.141118,789.3930906,775.8246397,732.7122518,731.8393081,659.8029469
123,3717.610247,2295.554197,1453.694966,1185.167307,958.2707577,926.4262051,897.9381688,722.617529,748.1572964,682.6252448,726.8323642,682.3286569
124,40626.82363,20807.15716,7720.608411,4401.784937,3617.574449,3694.324615,3551.192506,2948.076062,2783.766866,2799.678885,2470.519671,2348.178471
125,9775.329624,5265.757277,3365.024255,2597.081049,2022.770229,1647.017566,1367.181182,1323.549801,1277.172491,1304.778764,1140.493159,1089.487797
126,3546.041862,2208.548859,1854.560023,1567.892091,823.8276623,778.506369,332.5085986,189.1294764,155.9637245,156.5760432,135.5808132,168.2198377
127,8908.418815,4773.83492,3652.663021,1850.265534,1120.63124,199.0551744,309.7898718,171.3281212,67.03625074,59.38222679,41.53641128,74.84339599
128,4722.29644,2144.359199,1532.288851,1230.554903,932.9520592,863.1909525,963.2190278,708.4481782,566.9974733,593.6519289,607.7169955,572.5389142
129,13243.68582,5072.880026,3362.362138,2383.071689,1680.991974,1582.482512,1770.222253,1415.235918,1228.031784,1248.828097,1147.717831,1116.468088
130,26083.64979,15229.8032,8706.38179,5804.552313,4424.701596,3384.40459,3284.924394,2631.559696,2440.229362,2410.490092,2235.27382,1901.728874
131,3738.369034,2045.713538,1424.183926,1264.903643,1129.015402,1024.656029,1075.858937,765.0726252,722.5560688,698.95198,736.0728015,627.7556651
132,10883.15667,6907.503794,3868.814234,2867.467255,2337.176911,1623.693872,1777.694847,1416.385786,1265.942541,1368.108357,1290.87987,1145.093276
133,8160.408525,3115.107314,1947.594683,1636.336701,1244.536314,1141.177501,1373.585752,993.4561122,800.434606,794.1085167,826.8676969,783.0831722
134,3832.081551,2080.686821,1521.482212,1397.248828,1024.635637,987.0736184,992.1377775,728.4517742,696.5798929,695.1769874,652.944499,654.0330863
135,12780.52394,7543.828407,4103.024476,2842.169736,2142.522186,1732.215362,1802.731266,1520.84748,1268.229911,1292.269402,1239.328647,1148.459913
136,11585.24803,5814.195617,3820.415013,2752.475136,2357.081165,2225.172933,1805.183864,1698.772911,1315.57144,1327.810719,1221.459277,1183.341236
137,19963.72531,9912.26878,10906.65513,5201.36563,3511.612489,1077.372077,304.8907081,212.9257133,380.3244097,436.2112516,64.37036754,106.0378735
138,12794.91582,5458.786332,4020.250782,3091.448074,2347.790696,1920.431118,2036.470541,1541.590115,1344.653542,1329.800059,1208.252845,1031.679679
139,3751.898604,2444.468035,1536.184956,1224.30322,960.5551942,952.3032228,896.2286086,726.7896891,726.3934497,688.7314614,649.1871842,600.7282896
140,4024.945229,2216.287119,1498.403208,1270.398153,1008.141599,917.7275886,1030.178866,790.2001815,747.3705566,729.2768154,737.4721692,650.8672495
141,4239.990511,2206.554073,1486.42068,1361.086342,987.1005539,903.8274964,1073.03696,795.509363,757.3892468,732.4684333,746.8742358,655.0223847
142,12113.33358,6007.627681,3227.256728,2155.745072,1745.645511,1361.060168,1608.987418,1335.088748,1082.074634,1106.392771,1188.956431,1051.065348
143,3608.7117,2046.545487,1405.215706,1246.059656,1044.353403,928.1844897,962.420465,733.988635,702.2823276,680.2690365,689.4023532,614.0755254
144,5309.639096,2656.112047,1800.370791,1436.125247,1150.606332,1017.012261,1045.635582,853.7906079,780.9350158,805.8366888,728.9750405,689.2782028
145,40898.76618,20081.14477,7942.368465,4497.714527,3811.774166,3605.542515,3170.251119,2976.704059,2812.02256,2834.77737,2505.67498,2384.299749
146,4453.283028,2296.39293,1536.156299,1270.530799,946.824483,856.7635488,1069.920783,774.9915824,726.0281804,199.4322647,221.5684454,180.3729823
147,8691.226124,6362.158508,3761.977014,2766.535647,2620.146156,2210.39751,1778.405368,1552.037066,1332.429346,1332.723971,1204.351152,1043.682574
148,19289.00639,7973.288474,4622.022826,3037.027606,2286.143861,2152.45286,2201.281798,1842.302121,1608.437599,1642.360945,1584.947965,1525.507298
149,19594.1162,10664.63516,6182.339869,4252.034746,3495.063398,2554.106413,2429.569207,2130.326617,1721.612486,1779.276964,1827.507039,1595.0703
150,18604.90723,12740.74467,6825.731973,4835.88196,4168.999818,2721.48104,2637.32672,2142.717901,1975.419024,1897.312745,1695.6436,1502.18976
151,8687.094225,5339.772655,3044.42109,2336.52758,1908.59857,1467.867623,1432.450362,1242.967455,1068.350556,1102.867962,1083.635223,972.4582132
152,18346.09096,6975.327851,4004.968342,2504.630816,1907.090045,1933.080036,2046.529471,1710.611189,1431.894873,1479.112018,1423.525892,1383.386138
153,4553.486633,2207.771109,1511.550503,1348.076814,1111.369917,952.1185157,998.3193686,784.3986779,732.4630844,709.8095157,717.252461,645.2264125
154,6717.84774,3398.279183,1686.737961,1262.914708,926.6510877,851.809367,1006.452716,848.1445276,789.2547628,735.7965379,790.3939561,733.2105207
155,6717.800482,3290.996443,2054.771045,1447.896287,1101.897231,1046.186533,1141.520467,903.1317036,782.2484172,780.1964402,768.1122373,734.1691626
156,3931.428101,2190.128058,1496.763778,1312.702618,990.8953901,959.1740805,1026.125978,783.1086189,733.3071382,729.5569232,741.8982926,649.0578615
157,7008.159577,3420.284265,2029.920262,1433.166665,1134.067436,1041.451391,1029.987826,891.7409907,803.9751985,802.8812166,800.7685428,763.6796849
158,5687.014973,3025.646758,1842.490591,1447.641969,1159.75012,949.9220865,921.685885,829.331757,770.1056898,747.899436,753.4176284,719.2558011
159,23473.72787,16305.89665,7170.089415,4637.241998,4469.386215,3300.257627,3301.109708,3165.922266,2167.996199,2732.629601,2170.492186,1989.609289
160,17228.53279,8210.468239,6771.475071,4053.791324,2409.184893,475.2782545,685.4279178,282.6927167,71.3833228,109.4722981,39.7078817,68.86146938
161,65468.02869,31117.82258,16596.64866,9694.929202,8600.439931,5632.24139,6122.614506,4891.785259,4577.09392,4234.099689,4223.618018,3623.285307
162,2791.421381,1645.756822,1064.762057,912.370993,800.9111771,739.9801912,745.9816196,524.1312215,364.7428413,163.2358351,140.1704571,127.6747913
163,3656.720227,2065.619462,1394.934609,1307.590095,931.2904003,987.701662,975.4018091,742.9380972,729.9360309,687.8366898,701.3363274,668.3236419
164,4138.146335,2393.54532,1667.12663,1512.910306,1262.311686,1212.826948,1067.724197,895.0553865,744.7142963,763.7315096,685.7053088,642.4517554
165,2614.144711,1518.786951,1102.845969,938.5572714,794.2089222,740.0349984,704.6218132,528.0590309,472.4839446,524.3315094,465.7343403,406.4023391
166,17140.22815,7267.067204,5224.6329,3439.497674,2833.585717,2500.650193,2205.087424,1946.703859,1833.359603,1928.839824,1294.810509,676.3813844
167,5498.249447,2503.908168,1623.446047,1408.586565,1183.492041,1030.297697,1070.744618,793.1391726,714.2274532,747.1647513,703.8936044,636.4638193
168,23503.07884,17809.10043,10229.42883,7406.416266,6633.521272,5033.880302,3967.701561,3206.221696,3369.941553,3213.203051,2834.264035,2312.314145
169,3162.175802,2638.095897,1504.895422,1470.252603,1282.443822,1258.188081,1125.526273,901.7890397,738.4547109,855.9810603,749.8892735,703.3751095
170,3927.45576,2175.068859,1553.564805,1258.194187,1041.245517,993.3172455,951.9397017,737.6340223,713.24161,700.2615156,668.9642317,669.6746022
171,4121.527129,3148.4637,1800.181658,1668.891008,1346.797739,1268.118485,1166.19952,1037.439202,773.0174072,977.1408294,720.6511421,690.3356515
172,3623.206655,2029.291567,1407.867473,1286.080215,950.8176242,939.4687333,957.3194421,733.966262,722.4631848,676.3157036,662.1604118,599.9496928
173,4583.377624,2284.865769,1615.097792,1374.482789,1077.567905,917.7988901,988.7418425,740.3813532,629.2641457,558.7624623,152.556466,147.3338651
174,3983.499723,2041.375445,1519.541537,1329.455546,1035.53003,910.6275095,961.283098,710.5475892,616.3649423,640.2064279,621.2344793,582.8744245
175,5552.978787,2395.075518,1541.635526,1282.425947,1066.496801,938.9495505,1085.915935,738.0934201,599.2759592,63.64227305,73.78625736,68.7165882
176,2855.524791,1918.568206,1219.496945,937.2723849,762.3158178,719.2864268,609.6965996,571.476208,571.0754477,531.8982158,526.1830117,454.6908388
177,21237.29831,14149.1133,6128.181399,3918.888107,3448.72797,2573.389609,2870.826101,2195.94744,2282.895147,2194.394467,2013.414233,1769.324284
178,6845.131809,4817.117555,2767.671313,2133.333361,1951.193189,1565.946524,1373.86669,1151.798949,1050.697731,1063.643478,1031.725971,902.1022817
179,4841.561738,2623.966263,1588.522105,1245.728049,1001.046407,851.761377,803.7999378,724.6942204,652.7842853,701.1814949,677.5030556,653.7782313
180,5159.494125,2224.510762,1443.938192,1150.534517,860.5897946,809.0487749,909.5731409,720.4044241,589.5286773,627.1665978,566.1336943,549.4235724
181,9211.942826,7068.116632,3871.005998,2859.900306,2621.179847,2044.962668,1856.718298,1439.83974,1390.805358,1402.16571,1321.644829,1110.349805
182,2560.424324,1562.90768,944.2528347,986.5106188,676.0677727,708.6225921,778.5285658,549.9615775,517.0863317,525.8478894,496.4076056,490.3823038
183,8696.806564,4737.252408,3425.05339,3067.00943,2448.846763,2059.001075,1959.501389,1485.497714,1392.371051,1436.016752,1244.137438,1115.330704
184,11802.80386,5234.800916,3612.155678,2914.434509,2217.487662,1873.148495,1920.233816,1472.345629,1245.188818,1287.993485,1132.991482,1102.338792
185,3956.145306,2420.185182,1562.026741,1274.06946,1028.849811,976.1753391,839.1247865,710.5238336,714.3711409,700.9858696,677.775607,675.1874078
186,21201.65664,11102.02051,5346.334456,3449.048621,3187.93618,2303.841676,2256.604556,2069.930831,1694.978987,1816.854252,1759.570317,1592.270952
187,62208.29224,45291.56742,20117.94463,12776.74212,12118.72424,8472.626283,7087.151954,5653.195326,6428.405664,6045.005972,4798.529645,4093.506949
188,65330.40259,31129.84662,16332.43049,9382.13418,8270.964185,5620.172733,6114.728823,4898.333076,4763.439171,4260.1559,4218.350775,3640.809775
189,5957.234788,4072.250378,2328.569883,1798.968976,1506.625225,1359.636778,1186.049715,1008.294788,956.8955016,1008.225943,944.4253152,808.5489382
190,3739.446668,2097.527739,1425.852679,1247.685308,953.1106964,917.5435454,990.2412931,751.2766803,703.6588341,695.2998101,710.6553242,623.7397571
191,2927.922384,1721.090436,1213.050403,1018.055033,864.8912689,806.651366,849.291739,619.6769355,562.5950068,548.1641008,564.8358772,451.8442921
192,4427.628862,2474.480728,1766.413988,1561.973048,1330.916012,1164.582729,1152.670453,833.5099861,752.2921715,767.2061879,675.6649336,626.1437361
193,34727.17205,15369.27488,6925.094759,4123.278605,3280.050008,3281.719391,3190.684529,2617.210498,2484.153343,2151.892368,1086.508917,13.23811878
194,3817.923765,2401.142519,1474.996821,1159.89978,1009.716311,1021.343193,974.2032074,755.7467242,722.0166113,697.1467708,720.1446631,641.8745662
195,37025.17037,18278.67132,10013.46507,6425.41569,4685.367004,3548.999887,3878.872265,3124.251318,2876.418863,2803.633606,2653.460657,2286.8327
196,5477.084831,2504.948013,1642.630744,1288.747153,924.5274935,893.4091283,1106.655998,834.6631248,736.3816086,716.2947401,785.8728141,708.6640993
197,49172.83305,25823.61328,14519.73383,8651.280063,7466.676354,4911.510071,5247.939432,4157.023971,4159.831803,3745.726262,3581.52253,3074.23503
198,40695.16112,21602.39914,11172.10933,6841.712603,6266.565962,4605.946854,4263.984173,3940.634328,2989.138018,2985.327331,2865.948353,2510.079087
199,3856.500501,2660.822364,1522.908031,1370.922797,1307.301209,1068.014024,1108.612822,903.4945562,712.679129,843.1151391,737.8432349,664.0401902
200,4162.327247,2329.164212,1599.064895,1389.873924,1064.986541,1011.785171,975.6196291,775.2258005,694.0858934,744.3391916,686.3779525,633.4078837
201,3669.307931,2082.69135,1411.973914,1244.748838,990.189383,933.1825785,979.8458329,744.7426589,712.7808373,686.9279753,703.1957482,620.0357214
202,9569.655078,5658.125518,3199.625497,2454.629399,1918.849974,1421.015167,1511.72168,1254.45569,1071.602219,1064.568027,1130.420205,1019.179547
203,18322.6622,13742.68868,7921.900778,5657.199266,4736.622171,3791.830756,3094.017835,2529.49239,2561.271077,2523.337913,2181.751115,1763.217144
204,87219.19272,46713.62165,17756.67013,9238.619495,8029.704397,6354.726411,6809.94096,5134.030537,4637.158299,2616.696526,-1445.659296,-1468.990466
205,6463.580758,3329.979046,2031.516385,1536.179388,1168.972376,1068.645355,1121.712318,883.9502385,791.7613751,793.0114059,796.4515493,746.6281764
206,9545.356866,3755.685832,2042.489893,1294.596481,1062.144864,996.1418146,1098.857173,958.4181474,837.8272604,845.2962403,898.9910442,877.1444992
207,19896.72893,12271.53552,5614.285797,3541.320498,3279.535075,2736.396356,2391.289997,2635.752793,1661.411548,2172.980469,1701.242875,1570.945709
208,7012.070786,3097.085123,1744.895035,1390.186037,1113.12487,1017.419815,1206.598296,866.3694967,719.9986257,746.8388365,762.407253,711.2325916
209,57234.68958,27267.44637,13986.61644,8545.558777,7214.299384,4963.048993,5365.29657,4319.67625,3729.360845,3701.111899,3614.266812,3165.484961
210,10661.97594,5506.051829,3535.271445,2625.478899,1767.901951,1736.57233,1568.716642,1360.561732,1249.459205,1217.236164,1061.427428,1043.773278
211,3526.166898,2264.160472,1411.715057,1284.62484,1030.730003,926.4947715,995.629069,741.5240351,708.0271102,673.8637274,688.8367088,662.9852349
212,6047.862034,4258.00721,2365.50663,1864.82158,1759.216456,1470.011463,1336.670077,1236.295505,1066.700284,1004.948584,1044.014206,903.4620504
213,3958.188645,2420.185182,1562.026741,1244.476048,1012.32189,975.7228411,838.5420085,710.5238336,714.3711409,700.9858696,676.9177913,675.0810306
214,2648.343858,1627.796303,955.6199545,822.9740033,695.6648319,666.7400892,630.0245502,533.4361072,526.2668717,517.788024,520.1543815,453.9459954
215,16031.60126,6265.982105,6727.408827,3808.01706,2495.814277,603.2265567,634.5140829,291.4962754,94.64720749,122.9173505,57.55936385,69.3115019
216,4293.581278,2808.227476,1714.203995,1362.95998,1059.935659,975.3328464,874.7259537,769.4924657,727.7710751,734.4396182,672.7571285,589.7674791
217,3615.517688,1971.524043,1415.147327,1300.714131,941.4382734,939.83669,1077.650501,744.9781025,711.1665627,678.5325456,700.5924762,662.9893576
218,37119.37418,20725.91984,9748.57407,5839.409507,5584.716391,3935.765008,3766.250494,3049.986776,2615.605073,2619.113218,2493.566973,2211.142527
219,3759.988621,2367.978258,1457.638743,1167.437629,1006.653442,937.5709033,877.3910676,732.0980956,723.6882712,685.232426,714.6783294,632.8130866
220,4840.175563,2963.502093,1842.945233,1442.753272,1185.560912,1108.985782,1044.682501,829.5238491,785.5882728,824.621873,756.8637229,694.2203469
221,6069.686076,2961.19413,1752.384681,1239.711355,976.3515015,903.4775412,902.2594905,785.745573,699.8546579,706.9208659,735.2761948,727.4244007
222,5515.062247,2670.006224,1830.159814,1606.255291,1182.601684,1002.23529,1058.941749,855.0130827,742.769622,791.2370929,712.3693035,698.7852125
223,5835.10152,2840.918866,1683.264393,1279.620093,872.0411983,866.0049829,1147.165766,817.7285525,728.4553158,132.1819419,169.1270523,170.1327019
224,3630.393046,2027.515788,1406.786445,1187.60556,969.7789085,980.5960631,985.4453274,742.5091964,714.6669963,678.9708722,696.2008292,680.152769
225,36014.63848,18732.34098,9810.061344,5730.614224,4588.56754,3434.831058,3729.487091,3019.614457,2661.221122,2621.761255,2558.466746,2212.096898
226,6164.967387,4356.580726,2450.957822,1865.320568,1609.750464,1394.260622,1423.260096,1095.601403,1094.36735,1003.18934,1071.391934,900.0480212
227,5741.919791,3332.266667,1847.704889,1541.008899,1168.686601,1040.821952,1200.09925,981.0456984,897.20189,887.412031,862.8848629,767.7612175
228,4388.291737,2549.183523,1550.090587,1327.437587,1002.380503,991.5570555,1029.942208,793.2792707,756.9941025,734.9362521,768.4290283,720.7716716
229,3606.050734,2026.438118,1387.480659,1213.820509,931.9829487,920.0679382,977.9732887,734.022797,723.0666191,680.61911,697.5553392,616.3230175
230,4595.831493,2276.120454,1503.927528,1335.725053,1011.324819,848.5641134,1013.781969,791.4677259,704.9307952,708.3702982,716.5221355,656.5905944
231,4443.461932,1880.938424,1254.964799,1084.402566,896.1243741,782.0893665,879.5413834,640.1159107,498.6449962,537.3608764,561.9410969,524.0746608
232,18175.08321,10511.29094,6230.285485,4667.230601,3583.32177,2581.41911,2412.707747,2091.099599,1845.477022,1807.706649,1711.828793,1565.897389
233,4249.374912,2434.805038,1521.428253,1386.035805,1025.387086,913.0273657,1100.557086,805.0204001,733.2787354,723.1655715,699.9812311,641.0169972
234,3737.003482,2099.990783,1430.318988,1250.29622,999.5963393,917.5444731,989.3872043,752.7296818,703.5872762,696.5859921,711.4762056,624.2503436
235,8164.16958,3696.267121,2131.114021,1487.02373,1143.896625,1110.827527,1061.271334,920.4034744,829.5635452,813.1236212,764.3615606,726.9786359
236,6140.66338,4307.182801,2462.553158,1907.679011,1746.710904,1408.609787,1252.009026,1055.542152,965.2496969,969.3408299,968.5637006,860.475876
237,23178.34144,12625.45466,7456.494769,4742.202787,3684.622646,2917.954903,2845.524886,2269.62578,2105.438728,2087.910685,1926.640526,1640.960918
238,43788.27417,25524.28687,9117.875912,6292.031674,1812.401909,731.0205582,257.0937298,105.8455127,185.36715,184.4960753,-142.4173423,-429.5977357
239,10045.11048,10444.92287,4359.092967,2935.432286,2443.76245,2217.921692,1889.680543,1668.762685,1471.778447,1528.175,1372.627492,1169.326602
240,4597.985369,2307.068149,1554.283968,1245.273032,1005.378991,901.7845691,951.4029677,758.958651,693.8347282,714.6358213,676.9068446,656.721562
241,5647.54847,2852.760777,1705.819934,1219.003166,954.3287989,915.7116428,1060.148256,818.8977299,753.2024107,715.9379553,767.7784018,710.906148
242,36200.07498,18935.25319,11846.97028,7304.140354,4609.252778,3402.608814,2036.1696,-161.9170724,-94.21095441,-306.1328116,-362.8740126,-480.2029498
243,3967.142004,2215.681818,1485.215666,1310.546967,992.0542414,921.9127797,1037.829595,787.6926353,750.825304,729.6787518,734.8543308,649.6476066
244,3753.155128,2340.946769,1446.890982,1147.892956,962.4666978,948.8037688,855.1055119,719.1387854,721.0022376,680.7845221,682.0158411,614.8670153
245,28171.03205,13421.82526,7176.028489,4207.257703,3449.658457,2673.523137,2902.318724,2431.500181,2030.360592,2092.641311,1990.332584,1713.374622
246,7799.921489,6954.336483,3442.963224,2613.001269,2469.908139,2139.70114,1821.059172,1659.988774,1426.314168,1316.208075,1300.893476,1097.236129
247,22862.97371,11677.95561,6229.471276,3874.523276,3176.500772,2336.310793,2792.004686,2108.764948,1828.988254,1862.344021,1734.430641,1491.225212
248,20183.6288,11462.56188,6226.2617,4266.684812,3109.765437,2658.902525,2480.721006,2217.147323,1919.88966,1857.017909,1839.496194,1612.595035
249,12437.05593,8498.441142,5095.791742,3741.70274,3181.436123,2660.818895,2101.551121,1898.028404,1717.909646,1764.284196,1602.64321,1364.003563
250,5237.0842,2472.705096,1590.877101,1417.016926,910.4415402,885.0711272,997.0337887,779.529681,673.236671,670.3256728,645.7388603,618.6076028
251,5342.625576,2442.358272,1656.078695,1423.314418,1152.632612,1007.085724,1209.772201,850.5566761,774.377874,718.599996,817.6749692,708.2548134
252,28569.62478,13098.42031,6773.121754,4271.021525,3164.0112,2701.093407,2852.62668,2564.62136,2064.577907,2083.426316,2181.509658,1937.276104
253,4471.485915,3085.932189,1694.219512,1185.455828,285.5476765,281.1202846,242.8202575,181.2625306,186.5269827,159.7070941,190.0101909,219.3656069
254,4433.268152,2486.063738,1750.389775,1572.222747,1157.653953,1145.185956,1142.298669,829.6502943,776.9889248,770.8930139,672.6698042,628.7376673
255,5649.24838,3244.876276,1786.406537,1328.38319,935.3134526,926.4208864,975.0742302,781.4940464,685.1396233,659.2003886,615.9753306,543.3641946
256,8039.978976,3533.540497,2077.745912,2022.055756,1075.771568,1023.88002,442.2729707,200.3913934,71.2003276,79.07996564,51.62864215,82.59687735
257,4340.518216,2566.840654,1690.799552,1460.774992,1148.525575,1096.315205,1023.138347,814.6994159,730.9104568,772.226468,687.6991302,648.7525845
258,3951.765134,2169.180473,1458.108421,1310.238836,1110.89106,1032.249163,1117.720356,799.5722693,754.2451432,734.1476798,767.6883089,651.1560058
259,3763.749969,2629.782712,1830.565342,1199.657763,892.5237459,874.4430981,781.8190405,634.8310748,456.4089651,154.8027131,92.28291274,86.80354915
260,11491.55475,7848.283157,4606.675156,3323.553174,2822.460929,2504.549906,1945.456271,1758.410634,1674.187907,1680.275041,1526.805253,1317.815451
261,55842.42735,27773.26908,13929.51069,8126.432634,6593.389037,5211.56708,5095.32027,4219.199064,3895.398241,3953.001987,3378.46867,3009.20355
262,42360.44258,21169.43275,12820.87152,8237.84658,6767.348205,5198.837752,4263.198725,3680.856846,3735.998774,3881.287703,2974.945514,2639.49875
263,2778.478888,1556.785839,1028.71423,1063.432734,845.8777956,823.9840035,825.8082479,598.8030949,545.1072949,528.4814195,548.6569228,513.4994948
264,3691.329207,2084.9268,1421.200552,1288.664529,951.9159932,1005.952302,1071.176847,762.1575371,721.3021105,694.0611677,708.2229012,626.9849864
265,3666.32371,2050.930781,1397.237315,1270.322769,952.7736623,950.7319372,1061.717709,751.2372617,708.5543627,688.1856245,701.8599671,620.798088
266,5264.6982,2476.151231,1723.794708,1551.961214,1260.402205,1021.360324,1108.774785,824.4236984,692.9680003,704.6064469,712.2812083,672.4071534
267,6964.132697,3837.333309,2800.314796,2386.363608,1901.209001,1763.405302,1597.004129,1210.841074,1134.698162,1170.540365,995.9226048,917.7493709
268,33428.58637,19629.70324,9743.273562,6156.873016,5443.937387,3434.711166,3685.951201,2973.850484,2582.037599,2617.918179,2396.791267,2129.287931
269,39478.28907,20458.55775,10932.02528,6891.199791,5121.914637,3857.892045,4131.378844,3317.71908,2920.103374,2955.392783,2820.546758,2426.609616
270,5982.597685,3413.388228,2071.537692,1850.383177,1453.695544,1272.850932,1177.916948,1110.681987,805.2482596,983.1663638,721.9611105,729.2917572
271,15052.12513,6376.316263,3887.765577,2492.695886,1965.15324,1809.65553,1817.962397,1513.895661,1392.231679,1386.06813,1303.908454,1257.657641
272,35950.10094,22389.63363,13043.1723,9094.786901,7570.886319,4891.4295,4653.767915,3730.598975,3852.525459,3333.575931,3224.433379,2689.349364
273,93140.38054,52952.04645,21201.14236,11834.88864,10794.21956,7473.567021,7578.88493,5959.421163,5903.497012,5595.221489,5035.701727,4180.480576
274,12080.03153,4630.770875,3349.181309,2547.078677,2002.423837,1714.741625,1866.162422,1395.416044,1161.351175,1183.745232,1105.601759,1033.794957
275,8675.479486,6169.44463,3656.842021,2816.644139,2240.10554,1930.691487,1781.150671,1384.416415,1362.655253,1343.646054,1216.12134,1020.844386
276,3958.188645,2420.185182,1561.513488,1242.661164,1011.722679,975.7228411,838.5420085,710.3995863,714.3711409,700.9858696,676.9177913,675.0810306
277,35384.89911,16479.81894,8904.095269,5231.680595,4134.155807,3227.488219,3543.053196,2869.78245,2582.143114,2550.519786,2432.270949,2097.778144
278,3239.405969,2939.827667,1820.625521,1083.903977,632.9421519,240.9264185,174.8983955,143.9866666,133.2603454,172.381444,126.562538,154.2120158
279,3844.586003,2167.036261,1486.507007,1308.941701,999.6206289,972.2022795,918.0301707,725.1881283,688.7654522,697.0655159,647.3052701,611.4344827
280,3950.625949,2251.42855,1524.635127,1345.130928,1139.097353,1033.835678,944.6309803,827.7949508,671.6224509,716.7415263,668.2474664,644.6428673
281,3687.398522,2015.99453,1206.445381,1043.946904,798.8892643,703.5178352,615.2610507,156.99814,121.1311759,136.5111,126.3033552,108.8506118
282,6491.126909,3356.389098,2040.555439,1528.091295,1163.256785,1075.440822,1113.986636,878.2704278,821.9717774,799.2694254,793.674924,754.2585712
283,6154.287949,5361.134417,2238.785148,1686.312885,1443.05486,1396.923797,1506.883949,1196.693672,1128.211834,1105.224454,1063.941789,918.8780298
284,26277.72961,15256.56992,8441.523235,5294.500576,4274.352025,3050.842334,3164.896911,2512.981147,2261.816336,2271.350045,2135.492167,1833.471368
285,19753.93071,7322.605232,4652.930646,3662.641072,2480.619749,2215.859214,1972.83266,199.1964692,86.93417,118.2445371,21.58355831,91.40026226
286,3250.416605,2268.585381,1283.094151,1053.482947,822.152203,802.8581427,787.2714045,646.3319903,641.5566719,592.216888,614.0574977,549.5364123
287,9232.773714,3526.515721,2175.683957,1637.914236,1354.423989,1150.007246,1496.563831,1081.673565,857.1443616,914.2959493,950.161705,889.0243352
288,11815.7409,9504.74566,5288.682421,3823.847855,3194.28919,2618.149264,2210.416258,1758.552036,1808.068955,1695.080936,1442.530386,1098.008637
289,20361.10141,14413.24978,7651.950407,5631.019149,4883.380285,3154.760503,2869.429532,2442.529189,2249.151273,2366.336542,1959.211793,1724.520417
290,18224.28732,6907.049593,4451.214673,3463.396741,2705.379263,2396.4716,2578.684731,1930.2714,1626.361908,1651.442531,1618.605688,1498.09156
291,3728.826799,2287.314654,1444.756069,1150.697823,981.8278405,944.2350143,936.4040835,719.4975684,723.5684592,679.8667507,688.951385,667.0047757
292,15039.39312,10956.94175,6190.741014,4688.17475,4127.56009,3132.788818,2393.798762,2404.350747,1884.850872,2479.31707,1648.094646,1457.862274
293,4690.751028,2291.137045,1549.53237,1362.851974,1017.497545,853.3608867,919.622599,743.4683326,641.8214328,697.0011359,645.742387,634.0082925
294,12095.74988,4711.797029,2940.375604,2322.509022,1520.753233,1473.839421,1617.159532,1334.506624,1125.918005,1135.42205,1045.56832,1019.616261
295,2716.256603,1494.37202,1023.293038,936.0765907,725.1739269,703.5984923,766.096841,579.8324185,555.0196943,518.8268316,533.6816036,505.3809644
296,5162.351291,3641.200584,2030.462906,1608.522622,1520.933784,1351.491823,1224.189044,1105.800083,943.9233186,947.0476097,984.7985107,811.3701725
297,11867.8701,6620.016175,4313.169997,2870.560743,2497.608385,2534.466196,1884.818835,1667.546414,1658.021313,1690.957941,1377.399246,1310.782773
298,11556.83195,5618.165795,3699.59756,2947.386752,1944.064242,1722.453756,1680.023145,1426.097838,1288.042161,1258.135229,1028.407717,928.0564322
299,4068.686931,2277.567264,1585.761902,1392.83302,1095.046044,1032.399087,967.0208406,770.0615976,704.8245915,729.2029888,667.9213966,621.6124884
300,8491.793107,8414.058658,4232.212978,3123.006347,2928.626873,2421.884557,1954.348035,1822.478373,1455.954916,1816.724585,1232.46881,1037.477028
301,2576.085225,1441.002232,927.3044066,911.8326182,681.805676,677.4448664,739.1652273,545.8153252,508.473486,512.7812944,478.292711,434.2568544
302,2828.862818,1587.063482,1024.887803,1057.050592,825.4070344,824.6512188,838.065664,607.7864721,551.79685,535.1833136,556.2359149,519.6352542
303,12127.71506,4567.672385,2774.62908,1875.334666,1432.288965,1379.977679,1652.624765,1301.997584,1093.11276,1094.37537,1029.265074,998.1696578
304,5946.334204,2540.100874,1673.135431,1347.335408,1111.806784,1026.044869,1138.260031,813.4258431,658.6743711,708.428604,741.2842118,693.8750466
305,3673.651529,2472.596353,1564.066766,1193.179156,941.4918127,918.4400414,862.7706154,731.4258382,714.9575403,678.4746497,701.9873022,613.6681234
306,5021.132419,2640.012751,1804.366938,1582.467986,1320.028034,1152.757695,1088.250547,940.0967849,765.1751739,806.0960687,720.6096227,684.7835384
307,25793.33854,16638.34918,9720.09616,6915.82224,5091.954177,3583.297553,3245.858736,2831.79315,2677.735736,2497.600359,2121.102429,1934.820841
308,10062.16712,4827.545895,3473.585977,3052.829141,2383.857217,1842.207359,1900.352891,1474.951574,1325.589001,1390.458276,1199.579164,1126.122645
309,23792.29145,13733.36438,8202.717902,5688.250007,4176.893835,3212.398733,3087.435172,2479.401063,2384.086724,2298.348075,2128.892145,1788.651429
310,4794.310299,2632.966533,1581.947751,1311.590787,1025.45072,908.5616334,907.0705391,752.3165223,677.9671025,685.2493323,629.8914816,612.3554005
311,3602.678358,2291.639647,1493.594365,1200.993655,951.509217,908.5407487,868.0621717,726.8911734,720.6181028,673.9444886,697.3332147,615.1980934
312,6293.37297,3201.741652,1926.050644,1360.016616,1065.454847,987.415219,968.3573814,842.7949188,765.7770428,765.4057059,782.7662358,732.6884024
313,2562.25655,1325.60918,933.0358678,907.965318,764.9240244,723.883677,773.6314638,548.2932526,516.2002662,528.5173819,522.5119184,479.0143379
314,37064.43991,23719.85712,10852.94419,6928.469851,6055.403073,4846.214764,4232.917101,4450.27394,2964.667601,3913.130646,2796.54643,2526.327313
315,52193.99554,26673.75763,13330.84886,8042.476664,6457.496139,4819.532069,5245.031039,4200.545036,3844.888264,3664.812457,3617.266859,3119.071121
316,10589.75632,5619.962801,3603.542982,2845.759231,2336.715165,1722.798816,1453.603355,1392.320474,1289.780845,1276.208773,1163.436451,1144.422291
317,4758.847897,2597.117704,1586.116563,1275.803298,1050.478312,859.1447553,801.1944351,743.6708192,655.8556239,705.3728932,685.9895251,663.3841275
318,4572.432461,2549.394319,1604.081482,1291.306981,918.9414213,863.877281,947.4338775,755.3750587,663.7850907,589.0081607,163.3096162,167.8744005
319,5006.731485,3440.560404,1926.587611,1478.018319,1265.098988,1180.657284,1104.984013,926.1850653,917.7085136,893.4030029,906.3468525,764.8349881
320,17100.15865,9583.160381,5017.328321,3174.51371,2676.723421,1916.187111,2293.449311,1730.12851,1469.868635,1483.904285,1404.553804,1247.014892
321,3120.00766,1481.947133,988.8933007,944.8356709,829.7313248,707.232366,824.9911537,594.301511,535.1972111,562.8542459,553.2355775,474.9075179
322,15545.97431,6666.006819,4089.059744,2692.025965,2048.965385,1894.013568,1945.766697,1613.821681,1456.656692,1465.190377,1363.538291,1319.024066
323,5936.577974,4175.45965,2376.786699,1831.131799,1679.883272,1354.964493,1210.040271,1050.47227,911.0919122,960.7969706,986.5099523,867.6262444
324,4090.661867,2513.625064,1542.523002,1224.506901,1035.921915,949.980114,1012.951875,780.8939135,778.2388796,736.6000802,765.4822138,664.6578322
325,5625.13727,3444.432555,2299.568782,1858.280845,1490.803314,1370.634245,1012.511829,958.9629386,922.2018201,985.905235,817.3455986,750.2087128
326,5918.094068,2665.465958,1782.15475,1417.863693,994.3068163,935.5780803,1052.835756,821.1483176,678.3035674,727.0184427,719.8174279,690.417053
327,4963.954984,4305.782026,3265.907364,1622.629861,955.3255741,318.6201975,213.0107025,185.678057,163.8312032,180.5332148,165.9862173,118.0113518
328,6016.627483,2934.259445,1741.999908,1232.072735,972.1000834,916.4663418,899.9122392,789.3683345,696.1620366,707.4029282,737.7868465,723.3603474
329,24322.56835,11705.14948,8884.496735,4127.496814,2428.727782,162.6897028,329.7491331,213.3451732,51.19766483,46.15881515,-18.46576395,69.55567161
330,7291.008329,4489.126238,2941.348123,2181.744821,1857.732525,1719.187257,1257.437198,1168.123782,1165.503,1176.750258,1029.300236,939.1843835
331,3957.008272,2542.709597,1575.454244,1272.453165,1050.230331,941.9171696,838.3114686,704.0477899,700.9025638,694.0143138,669.9161446,649.9054326
332,7468.827386,4135.3648,2266.169954,1606.11087,1322.605227,1117.849864,1314.4821,1053.097186,925.3326018,913.8187485,1036.93395,880.1931027
333,3705.190507,2105.063156,1424.914928,1238.268533,965.039901,962.3217988,982.62163,748.5523298,700.0221246,692.8637435,708.5457347,624.3603674
334,2756.559139,1530.003496,1130.479644,969.915855,867.3634705,782.754393,811.2127675,593.3257316,541.0029957,542.3314017,552.0857987,475.0666679
335,21910.66784,10443.15354,5592.314503,3394.105313,2727.603048,2194.115591,2378.247469,2056.2616,1650.923324,1669.741014,1750.521411,1541.487918
336,45478.29325,21583.41945,10990.15686,6695.820869,5120.039215,3908.762745,4273.654099,3462.013361,2996.050167,3003.282828,2929.88036,2532.373465
337,5683.975941,2869.655102,1733.670901,1236.725129,993.474617,919.2291825,950.2438806,786.4145888,688.0208908,708.951195,744.7081674,710.7927456
338,3967.08423,2212.510656,1491.583336,1298.230681,1023.116824,937.3805439,1039.156456,794.8393757,735.3683706,729.7787394,733.6335763,649.933804
339,130168.0005,71085.68157,28403.40579,14678.38624,14139.9668,9739.180811,9843.637503,7729.659301,7565.909291,7230.919681,6565.836423,5943.754803
340,3621.850172,2074.484143,1404.816427,1241.080654,1017.128649,928.9998481,974.9938995,742.124341,721.2795863,683.404321,692.3332601,617.0295379
341,5582.031324,2748.432433,1892.545337,1632.424958,1225.519153,1035.252749,1072.785866,871.043819,752.469965,801.8335854,683.7748247,670.9264441
342,13322.90804,10694.2288,6130.560774,4279.833711,4440.408114,3549.40293,2751.220705,2407.192374,2140.555106,2201.671062,1864.88005,1614.864716
343,15741.61111,11800.79191,5804.704699,3726.015995,3247.337137,3158.078604,2114.060282,2077.536399,2068.06758,2102.121178,1574.107655,1392.788951
344,4731.41722,2564.144077,1566.563227,1245.213528,1014.704247,874.8645393,953.8018542,762.573434,731.5028387,711.9715383,704.9600746,660.8043652
345,3808.311981,2715.284382,1518.69258,1347.081418,1140.627995,996.0739528,1005.275699,891.5953851,717.3071081,843.9017331,713.7968614,664.1799397
346,5665.527388,3048.188482,1699.45852,1359.792809,337.2883389,329.7862444,368.9674345,234.8661355,228.0035904,185.3210479,183.3432069,161.7985189
347,25213.15765,13725.67522,8120.259667,5310.626879,4072.299378,3140.908842,3087.290792,2445.237026,2286.584158,2266.715231,2085.023872,1785.507353
348,3716.944302,2278.752299,1442.129822,1147.179562,970.3188156,944.7901739,929.3701587,714.4076059,747.9393915,682.8968504,690.4581919,670.7277302
349,7621.74464,5707.738208,3350.492909,2543.603796,2385.007621,2104.604783,1607.208246,1440.660806,1210.484444,1469.153183,1012.193747,856.589251
350,6440.852305,3115.988138,1963.174929,1579.790251,1150.023639,1039.199009,1159.758791,911.692234,751.0736244,788.1583963,753.5058237,731.2774529
351,3740.713383,2366.69491,1452.511833,1268.786753,980.6153214,984.6764079,882.8412408,722.0495877,719.5750422,682.4090381,719.8273399,678.3343715
352,24201.7785,13163.97019,7769.598306,5107.360039,4010.046294,3035.423736,2974.581931,2431.217567,2093.058172,2154.071046,1954.302806,1698.064722
353,3517.947101,2265.850294,1400.953263,1289.614164,1071.489167,928.1777257,984.2314988,741.4220021,710.1296398,674.5923684,687.471429,663.3997523
354,3881.999057,2682.051285,1613.081629,1165.393511,942.7057827,960.4266138,981.6695441,755.9316483,760.0256806,690.7432663,631.3985213,260.1486947
355,15640.93251,6625.360174,4041.710473,2580.462253,2004.331363,1878.215311,1908.884129,1600.974094,1451.450918,1438.582319,1352.817889,1306.331751
356,38059.445,18939.72111,9734.314842,5616.55888,4613.228756,3455.177238,3760.515327,2998.056017,2610.731143,2636.890665,2536.405681,2210.974399
357,2599.070423,1406.588648,959.7859654,925.2500457,798.2258213,715.9120827,702.7957488,535.1563541,473.2129529,531.3081011,479.4237207,440.5932333
358,8049.968377,3044.341547,1941.412994,1569.977952,1228.516206,1066.20618,1335.670285,985.9061474,780.1527341,833.0039341,891.8049844,848.9833295
359,9591.226278,4314.746538,2889.899998,2073.608805,1486.212121,1478.08347,1430.427884,1195.450038,1049.540105,1049.154198,912.6803165,902.3302757
360,12537.69091,6419.976116,2686.541357,1898.857765,568.9092716,513.4285032,274.8060584,221.8463865,263.6424047,216.5488934,130.9859108,199.492346
361,9169.086965,3922.618711,2615.530276,2122.269312,1451.60902,1297.537542,1396.550812,1138.520672,978.3363284,987.8975064,891.7857082,866.2812409
362,4612.397488,3090.160042,1066.99903,936.9347721,287.4069913,229.9691195,210.7203643,165.7204088,177.3902516,179.0839107,159.1210856,172.6316286
363,35858.6418,20627.13065,11250.33337,7151.604114,6205.285996,4089.384352,4260.29813,3338.020514,3246.967597,3026.256538,2879.253847,2475.314178
364,3887.323531,2659.292584,2416.215575,1494.925449,902.3003008,767.0652682,170.3350376,160.1028332,125.0136935,168.6083184,81.46402132,79.32379554
365,11935.02179,4576.658154,3080.404451,2380.330373,1841.452559,1638.555029,1784.660374,1349.903617,1106.411061,1109.519162,1074.215075,999.3901581
366,33971.52749,16713.50131,9602.270169,5922.943743,4636.252065,3419.501513,3696.068467,2950.38927,2725.418368,2731.286474,2496.564738,2154.109915
367,28527.80556,12339.48375,6544.202098,3877.749776,3132.774787,2580.971046,2694.754918,2429.152857,1974.398194,1975.09129,2063.448632,1835.607446
368,2657.106656,1410.176559,975.2310044,931.7940618,819.4964478,745.6276144,710.863159,530.2266805,476.5668917,529.1020118,477.213285,434.389156
369,6118.095951,2911.780517,1696.520452,1185.708675,951.0082806,868.6561622,1062.168105,821.4269187,783.3151945,723.9727905,774.3998588,723.2705389
370,6083.312507,3880.235049,1808.776112,1515.242644,345.8365299,285.6255862,402.4579822,247.7924744,223.8946233,196.7128477,190.2737357,163.5296417
371,12916.88321,7616.619149,4454.903635,2951.345191,2354.373537,1896.284363,1819.539141,1500.201982,1441.540054,1502.408087,1247.253612,1099.033468
372,3797.18861,2353.899907,1488.961388,1199.061917,981.8554099,937.1905448,794.5694646,681.1245362,679.8104818,670.263042,658.029951,659.8201372
373,4523.2847,2382.775847,1314.326425,1137.806548,765.3212601,742.9895459,920.0320092,714.3674153,629.0918035,595.7698013,619.6218555,550.1301615
374,50229.2384,26201.75228,14307.8279,8609.307836,7474.994206,4781.291056,5207.789679,4143.290674,3936.89759,3576.488918,3503.989346,3066.003567
375,10388.16474,4381.542693,2420.659979,1572.322237,1290.097722,1203.533,1388.632008,1100.643,966.2342217,946.6839398,972.001645,955.5140765
376,8218.52076,8011.094401,5825.522234,2931.0018,1813.526228,468.4428479,347.7508928,188.6389863,157.6632214,101.8650808,2.499800756,44.84888413
377,16701.48289,10532.36176,5486.170569,3673.024076,3304.353396,2575.774336,2232.930066,2218.290449,1555.96518,1582.09373,1402.385961,1233.389386
378,6486.384607,3606.089503,2605.296533,2248.783211,1667.486648,1608.157467,1532.289048,1135.853218,1073.072089,1096.332866,923.8743675,849.2592708
379,2763.000421,1753.573536,1143.332487,975.0930781,804.8700244,775.4118914,739.8142495,555.8937327,484.5945227,552.6804262,484.9797663,422.7303419
380,3737.374863,2338.391136,1439.606982,1145.85896,965.9050709,952.7031438,957.7694442,737.2352202,745.6840672,687.9333616,717.4937433,629.6143631
381,16442.85908,10466.6924,5581.735406,3726.863057,3285.83169,2255.444956,2221.688214,1796.702405,1526.824566,1567.420982,1401.442371,1223.677562
382,11196.8195,5818.401824,3718.17585,2958.847038,2225.790211,1803.21265,1510.111394,1439.314318,1388.992606,1311.781186,1234.355891,1185.821276
383,10119.22618,7004.130566,3779.308212,2790.741386,2274.477769,1747.626225,1837.535668,1417.715091,1311.294077,1361.932535,1309.514224,1134.940996
384,31748.99014,15343.52186,8329.078484,4746.599276,3785.875114,3028.580446,3303.129209,2669.554225,2436.20581,2385.045922,2265.739232,1949.633139
385,4047.646501,2543.079364,1611.996512,1308.648331,942.0182041,965.0503576,988.3061003,727.3463326,513.4573952,186.3899544,150.9563388,141.3152865
386,31472.6405,16819.18882,8739.253401,5077.375673,5091.199943,3680.175744,3471.060705,3131.097444,2382.817335,2326.671568,2247.404969,1964.210075
387,5050.888475,2669.38084,1849.073542,1620.48285,1306.657989,1155.640021,1215.826797,889.6229112,802.923239,829.3450087,724.6224467,665.6316939
388,7867.224738,3555.843886,2401.863715,1887.722529,1376.06274,1251.106365,1349.507948,1058.000976,874.1043212,904.8944339,817.2844812,793.2484311
389,12274.63707,8363.859625,4924.410777,3610.388494,3023.566983,2485.232825,2057.682773,1773.301622,1703.876131,1734.490242,1583.637378,1329.062682
390,3630.499643,2037.154664,1416.620573,1285.930663,973.9644674,940.1477373,969.9788717,714.2942162,658.6070124,672.4353849,643.0576207,600.960056
391,18341.53174,8317.272121,7832.953325,4161.958592,2188.501863,1932.026901,385.3652826,233.8757464,68.61253119,66.92866761,8.546176882,70.64306225
392,9955.851239,4277.989315,2369.737772,1498.929248,1249.365606,1178.773603,1366.131813,1087.84473,958.5247222,953.9591972,968.3483771,938.6977467
393,3649.791862,2329.363441,1352.842606,1113.998289,907.7069545,884.4232689,759.7374529,675.4156946,630.1467987,659.725831,595.4131133,548.4663705
394,5603.921076,4127.269773,2318.869057,1801.426798,1719.348834,1542.997498,1360.776932,1211.185169,1018.081462,1039.989149,1058.029141,878.8694918
395,21773.7816,8170.045262,4597.586298,2399.82753,1987.600983,2036.926895,2240.118044,1776.772294,1618.936479,1603.089001,1315.417417,1217.899642
396,6989.751139,3822.62294,2166.952697,1394.179158,1046.068621,1048.854836,1105.598732,869.7100655,777.6415252,784.469187,632.4559534,364.9917089
397,8206.287538,3584.884062,2454.792433,2249.444643,1502.110012,1307.80777,514.3006506,230.4501964,55.9959336,84.17456579,64.04629144,60.43392267
398,10384.99767,5672.098157,4747.020459,3879.676026,1932.379298,1576.809192,551.8401564,304.0092791,162.7968043,225.877686,46.02559693,94.20675415
399,15034.25091,5756.889624,3742.889742,2864.744681,2159.614732,1880.291691,2174.235949,1625.402008,1383.818769,1393.204114,1329.34172,1257.733004
400,4606.632029,2218.887095,1523.457892,1387.961226,1142.047162,945.8278417,1001.567222,766.414076,662.2974375,707.2921137,697.1338558,647.5814727
401,3825.66354,2413.922779,1555.487717,1237.188218,1160.240801,1094.016961,889.5788943,784.8512098,695.2817719,694.7882081,662.7317226,677.9790698
402,4692.211437,2401.435754,1614.46635,1292.091582,1043.93744,941.5649745,982.7723453,786.7243347,722.0530278,743.1579734,691.7891884,646.7372597
403,2730.808131,1805.178285,961.252142,917.6014622,687.4019763,701.554632,661.8391204,533.7230764,529.8494596,457.7240336,191.0124579,212.8130734
404,36333.61597,22521.52707,12873.86981,8412.417474,7740.53665,4877.947428,4630.817886,3652.832495,3565.545427,3298.310604,3118.1911,2669.931496
405,4014.765906,1857.861043,1221.526005,1189.45818,785.2806351,703.9744209,927.286023,668.6041934,588.6800466,546.5836095,575.1168285,533.3118089
406,3964.936867,2475.458165,1482.090207,1293.641075,985.6353664,989.0953529,1012.431584,780.3885041,760.1487895,721.5103743,746.0454794,702.0795251
407,5672.808963,3974.644044,2205.76735,1864.407404,1463.702264,1383.085013,1328.157806,1054.024022,1009.325435,941.1646854,1030.305997,942.8986954
408,7370.747265,4670.519214,3067.679646,2303.100385,2166.166731,2018.385562,1475.908431,1398.316876,1191.427281,1231.062059,1050.896417,970.8414934
409,8415.220835,4523.150337,2312.000346,1798.663125,1503.385734,1383.081025,1422.439925,1358.564537,909.8580237,1170.966588,916.8290392,924.51238
410,3607.384498,1980.412113,1403.44015,1223.772764,925.8279079,918.0877456,992.6545165,735.6541536,730.6187975,681.175995,701.7465353,665.7486758
411,12059.92003,4703.338002,2528.905107,2086.708955,1202.193185,1125.055028,433.4078378,247.8389785,63.42273199,104.007609,154.4041206,176.8699353
412,2743.24559,1477.994451,1061.706572,905.7938282,815.0935202,727.636994,725.8311485,533.9017177,409.6429081,169.1342014,161.7748595,126.7124015
413,21875.20532,10531.3989,5698.750675,3460.533624,2794.369166,2195.190282,2394.205205,1977.167485,1680.321219,1672.174069,1720.758274,1508.509015
414,6953.806157,4321.854818,2852.386739,2147.565915,1971.170716,1742.478142,1379.029512,1138.195757,1146.738665,1139.320924,982.3567819,914.2764587
415,5019.64683,2623.821631,1778.124816,1536.342298,1161.101956,1038.63792,1088.599769,863.0441114,795.7904667,821.9814636,739.3542477,686.8645023
416,4641.42193,2279.95307,1738.618129,1322.04602,927.8262196,870.7102841,947.3954702,650.8429631,203.480443,184.9526179,210.2141834,178.3590016
417,3948.084735,2193.244795,1485.403262,1347.295374,1088.332362,968.4877122,1127.766056,801.9544891,757.9870983,733.0039695,747.6059292,651.5398186
418,115141.4833,63302.57743,25100.93159,12682.83768,11864.18033,8531.915376,8654.678446,6866.507624,6569.295946,6375.49879,5581.396771,4704.333777
419,7860.883562,4928.112257,3189.262706,2459.827572,2251.662788,1977.599937,1365.139603,1437.49173,1242.139298,1276.754927,1108.200261,1020.736524
420,8517.567482,5854.987804,3487.943115,2607.179623,2267.94347,2004.903201,1537.875901,1357.923326,1314.08877,1325.721761,1188.896036,1023.842107
421,15255.81939,9150.947317,3410.316039,2649.100971,693.583434,621.1567874,227.8178937,209.4195732,283.1676282,245.309908,139.2500343,225.1579413
422,3614.905075,2229.605797,1402.775138,1189.712907,939.8076734,930.1709482,936.6563633,717.5440557,731.2783297,669.2667378,703.9052059,664.10555
423,4029.610108,1958.671265,1105.799013,1075.363175,734.1571962,654.7553925,811.5297635,533.1416129,134.2941866,132.7660211,138.7914901,135.5912812
424,50478.81502,25266.29422,12911.0913,7756.084581,6553.666511,4586.977939,4983.734566,3971.967377,3483.783566,3470.493449,3442.218261,2969.395509
425,3204.899664,2169.826366,1263.348443,966.9847277,811.6398211,772.7117093,648.1926482,579.037657,550.1832105,584.2213404,433.8331063,111.797272
426,12773.31318,6022.765741,3930.040557,2604.177536,2084.348158,1883.385751,1786.198516,1515.765928,1399.741735,1472.981048,986.3532601,530.0973293
427,10132.26059,6442.541704,3876.644945,2293.254902,582.7812437,437.6032008,253.2666647,223.4127419,147.2629965,170.2706342,118.97658,60.39657353
428,3925.269922,1756.63625,1114.904511,992.4791185,692.4285605,653.4519288,819.5001183,630.1673083,548.7073206,524.0665037,570.960312,516.6085331
429,6853.756936,4163.393542,2690.408522,2025.313162,1700.202101,1546.490336,1301.749099,1093.831203,1093.282613,1098.665838,954.4010661,868.2094618
430,7288.668004,6418.174775,3149.472111,2426.416074,2218.026721,1762.411727,1693.297865,1609.300597,1269.139101,1469.423015,1175.100322,1014.498666
431,28335.13255,15189.08848,7795.524673,4868.179023,4215.285534,2805.997857,3042.123612,2546.723278,2119.469659,2153.939856,1996.879141,1767.155795
432,4098.50411,2315.706166,1594.385053,1329.831239,1067.898431,1031.947302,969.6736864,766.9172735,706.2858739,733.6271852,673.1277886,625.692885
433,8702.214892,6723.955099,3768.668985,2796.989264,2612.752105,2170.06581,1829.99022,1622.844964,1344.20717,1603.881133,1296.272501,1099.559363
434,4597.191787,2242.967737,1505.417859,1326.256241,981.1221936,840.2269043,1011.96687,783.0933742,707.9703758,710.6435722,726.6098814,657.0257011
435,5627.805476,3974.809816,2217.140598,1860.132158,1578.86505,1383.18804,1328.081037,1057.379959,1009.543986,941.1646854,1029.782356,893.5425089
436,3096.254921,1819.363549,1274.238382,1091.112298,792.1550485,796.0797454,880.6641886,643.5136555,604.7493761,570.1471274,479.592455,293.6659705
437,4502.277361,2943.785594,1859.829252,1457.229539,1377.575139,1310.893648,931.5715581,905.1933908,795.6763502,779.5674584,676.1371912,627.899262
438,4917.576909,3333.652125,1877.122854,1335.890975,300.2117866,328.7581495,356.2348322,212.8739617,205.5499827,154.2537119,197.3723735,236.4923891
439,66903.7506,26687.75195,13591.14689,6928.910619,6014.040312,5020.972605,5121.957929,4248.880271,3961.861914,3984.493156,3515.106833,3158.867475
440,2703.422752,1548.955067,1047.141683,909.916107,787.9259933,721.6928258,798.2350841,537.4988884,509.6284401,184.7663403,168.9422335,167.9542365
441,6727.073035,3311.446938,2020.375179,1553.059208,1266.652368,1083.709486,993.0041944,896.9280378,838.048966,850.6347149,747.2029613,723.9972749
442,3673.291608,2013.80167,1422.159292,1307.067462,975.9800456,949.8631337,984.1015716,712.4272786,669.3858408,670.1872253,641.207119,660.467309
443,4565.378868,2264.451627,1568.706778,1299.053634,929.5030106,823.2970601,1105.328565,764.689283,687.5507175,175.545442,200.5702733,176.7746116
444,13682.0845,5571.635724,4023.040267,2908.610254,1938.235832,1876.071009,1987.990626,1495.095183,1345.384405,1346.943547,968.6257282,499.9716807
445,4240.4289,2237.973382,1484.878869,1422.900792,998.62293,979.7687806,1044.103834,796.5164453,758.1164393,732.4851075,747.2790837,707.4318404
446,20604.37216,8995.148414,4585.152625,2886.342418,2307.998467,1903.814209,2208.136473,1872.029113,1513.854839,1461.763784,1538.774696,1356.403647
447,6939.936411,6028.146781,3393.788289,2534.738124,2410.246053,2098.66716,1647.555483,1486.680776,1245.727445,1528.836563,1136.468756,973.9112579
448,2673.532102,1640.861962,986.8029776,856.1173068,724.5175602,670.0320242,568.8251575,515.681328,483.210878,515.2756873,484.5463592,448.2607652
449,5664.871001,2623.565004,1777.86142,1557.115871,1058.997148,968.840453,1163.153053,842.6389135,698.7392767,725.4395245,712.9197766,698.3266022
450,7026.396441,3122.070779,1761.961511,1203.187045,956.1928805,875.2424226,946.9779191,823.5161196,726.0462438,747.2111971,770.3343902,764.4544373
451,3792.688126,2098.94785,1465.286742,1274.904316,1109.636028,1042.224706,989.8762898,726.9088277,660.2156612,688.7545426,669.4910231,606.4095258
452,29621.0012,12816.32236,6672.922928,4247.238928,3278.204297,2680.614034,2799.148912,2517.070708,2048.941591,2068.135481,2165.182989,1919.592969
453,5870.970811,2586.026963,1699.141419,1211.243956,979.316379,901.1606138,1011.502254,837.3599051,757.0426548,719.9624223,758.7792287,707.8955265
454,56326.11893,29833.77235,13976.2566,8694.052789,7918.052703,4970.265769,5380.126331,4343.386569,3728.19703,3674.170333,3559.945487,3165.484961
455,4398.129379,2553.474312,1509.148581,1296.729041,1088.171181,892.3422594,1020.35494,796.83204,724.2920366,718.7389482,724.5009822,658.6905574
456,6886.515514,2974.677324,1985.453038,1597.068454,1106.048846,1018.21565,1299.108516,922.4211501,786.8066941,808.3283801,771.9396371,750.6152966
457,3602.668753,2369.766124,1457.535911,1158.000917,1104.300891,1121.371508,964.388472,825.3250793,735.6909154,693.6749832,710.9704929,632.8462281
458,10920.6456,5909.29808,3239.229363,2222.490584,1750.478977,1438.139928,1583.740878,1312.919867,1092.281372,1085.024595,1169.885608,1034.772588
459,9218.599322,3643.079008,1932.410088,1206.147671,1018.759853,1010.318311,1299.061027,1012.474425,938.4333066,859.5840478,946.6001915,888.904451
460,9223.825061,3957.774043,2325.428268,1574.479956,1145.208217,1135.82234,1340.114212,1069.883063,917.6925985,921.2106712,911.0321489,877.991546
461,2974.726897,2624.153276,1915.666289,1134.25945,685.775469,307.5455317,370.8853074,201.0010584,171.4016654,172.4628965,185.1331283,132.3166393
462,18306.32473,7139.53458,3271.697561,1798.851396,1630.732222,1630.30688,1707.279313,1488.687878,1381.499052,1402.916893,1393.24908,1245.036689
463,45387.82223,21583.41945,11021.60933,6705.838969,5198.571516,3909.27247,4279.647985,3469.827885,3128.948966,3005.893034,2940.042132,2536.272787
464,3864.874951,1954.647516,1346.032012,1244.708768,882.9990939,807.3899887,898.809791,668.1816147,583.7062864,625.7339778,505.9285979,469.9720067
465,2594.053543,1388.836077,942.7192766,788.2863008,699.2671837,665.3394162,710.5346485,544.4368131,523.3086018,531.0044586,511.1673281,483.7100591
466,7093.981863,4370.115426,2864.243582,2140.631066,1800.892816,1755.231071,1370.030971,1146.018045,1156.777547,1152.097107,994.0173746,924.5290254
467,10173.00844,6273.852725,3596.001233,2734.448717,2304.645702,1776.086446,1717.070801,1458.742076,1281.168385,1275.452769,1170.782307,1018.863161
468,14600.26582,6172.008774,3985.943625,2752.671848,1852.437368,1879.227741,2018.821843,1517.523164,1315.842941,1352.958603,964.1515206,504.0060853
469,56418.6502,28421.49515,15027.31581,8596.940005,7576.476459,5139.918645,5595.820862,4479.761513,4370.775658,3897.090233,3859.276477,3334.159497
470,6812.955267,3254.395184,3359.67516,2427.686566,1624.56066,1271.109414,421.1850303,247.8932481,154.6844921,235.4859839,105.1205867,78.58665937
471,13536.46746,5920.422709,3675.766098,2434.377176,2024.762902,1720.626519,1746.721028,1446.127016,1251.911075,1294.377357,1187.592307,1162.519281
472,58336.89207,30487.94061,16431.92695,9707.259928,8560.439739,5533.51011,6024.052449,4785.897272,4563.534796,4140.986165,4060.18402,3549.928057
473,34063.8039,16910.44666,6720.349751,3704.568761,3230.103378,3216.015091,3281.64627,2711.37381,2463.616146,2507.055032,2150.166547,1986.576179
474,7498.880079,3696.330485,2064.162792,1592.958237,1322.399973,1228.812203,1275.591692,1188.255105,819.6710031,1047.726328,851.4025418,865.7859318
475,8943.470974,6359.275195,3706.950805,2800.377372,2179.7636,1949.454084,1809.757447,1402.830616,1346.368617,1378.956897,1234.194668,1041.556602
476,6559.236424,2960.944274,1976.044147,1520.938274,1106.447905,1035.750049,1159.089403,894.3113067,745.3199304,794.1327966,765.8129619,736.6544003
477,38719.83277,22847.67868,13146.51393,8336.917653,7277.094106,4897.999839,4713.776003,3754.706056,3536.55216,3300.740812,3125.471354,2708.101872
478,12143.62181,7329.617019,4357.464148,3214.383816,2627.723289,1973.436771,1762.71685,1600.292881,1473.264469,1454.532576,1339.317628,1168.006354
479,148314.926,66429.74681,32213.12413,15501.80642,2158.818569,-1428.734122,-438.1811942,-1299.582629,-1187.42288,-1553.492404,-1418.683861,-1622.397125
480,3627.689558,2051.563903,1388.269984,1334.766623,960.2689479,981.5757203,970.0318203,738.3055241,725.9522661,683.1562879,697.3529119,663.8738412
481,4217.289389,1986.225242,1340.53492,1223.720419,964.7489883,878.666021,1006.013806,731.5191602,640.6741045,586.9909568,655.4455625,593.1793514
482,24896.52265,15948.29573,8963.126696,6601.283042,5015.673688,3505.829406,3323.257761,2766.002912,2560.563345,2457.085071,2300.643998,1992.272113
483,3497.728504,1975.052691,1233.355956,1266.188464,840.2054735,853.9240129,945.0818142,692.4424243,628.7692948,547.4638735,213.4255082,206.0916287
484,16657.60069,7037.434057,4292.18012,2864.321387,2126.317273,1987.211784,2003.746041,1662.732973,1470.506553,1515.971205,1433.841445,1379.322784
485,40176.05672,17785.05835,9556.439222,5957.62008,4472.820336,3460.480535,3802.514402,3153.834417,2768.525377,2728.429149,2609.849549,2236.507473
486,4651.570924,3288.815727,1898.158924,1721.649926,1395.35973,1232.776764,1189.194802,1007.53706,758.6482606,962.1636317,675.2913415,677.9925855
487,3750.644803,1746.95659,1181.264906,1122.412927,977.6586282,825.9440723,870.4586761,644.0965398,560.4550909,634.810896,547.2644075,498.019195
488,3820.447024,2402.23278,1477.300488,1184.394596,989.9338127,934.8727383,783.8112415,720.9420704,715.2441586,690.4510562,699.1387423,626.1555941
489,26706.13294,13013.55152,7456.837759,4638.306837,3780.025395,2676.221768,2896.037208,2378.540136,2026.778561,2120.89442,1956.478888,1675.545571
490,10346.66081,6309.787496,3588.549101,2703.566125,2192.488195,1548.430462,1616.853245,1338.825525,1221.623399,1239.928775,1054.872798,898.2685353
491,15538.64748,8048.345356,4162.086814,2755.010545,2098.512866,1665.746031,1916.007554,1603.70274,1308.026821,1357.906019,1304.955125,1220.596211
492,4627.471431,2555.208222,1558.2592,1238.58872,1001.329892,908.7193782,969.7700583,766.5903013,748.24476,720.1605885,722.6444864,659.7192893
493,3506.11119,2432.185027,1512.52466,1394.613206,1291.164599,1215.41778,1020.551905,866.8951967,673.8831034,828.2780084,645.3928546,603.1088881
494,2712.05881,1685.672299,1077.876434,952.0816651,713.8149686,694.9527774,683.7161614,538.162911,494.8286949,542.3773119,463.7656764,451.9494351
495,28420.60063,13420.11896,7406.423369,4976.398061,3625.005242,2807.333552,2986.926784,2631.722969,2110.94434,2168.610671,2267.659265,1998.840837
496,3614.614832,1985.633432,1416.322061,1405.498586,979.2658025,999.0467283,1081.111835,753.9268336,710.7634882,676.8684676,692.3357783,710.3502735
497,9818.583355,7724.544191,4275.607648,3122.675858,2928.06882,2480.249403,1981.53716,1717.50439,1490.384435,1470.879619,1288.407778,1097.74197
498,22874.39841,10272.27105,5398.584175,3579.249033,2696.120133,2303.438821,2289.215515,2066.054757,1771.823656,1874.171472,1812.932507,1622.297173
499,6789.841696,4333.423834,2342.670762,1796.759915,1500.600922,1233.958158,1411.939187,1143.670339,1078.417848,1004.881275,1111.257124,934.0027778
500,58762.04265,23266.20663,12955.78912,6882.68692,6180.04189,4690.485388,4746.30676,3858.190683,3697.333663,3766.343811,3187.089725,2864.974323
501,30614.87847,21647.45942,12696.2699,9027.164757,8443.984148,5462.574932,4794.149967,3870.145789,4004.315972,3828.792203,3320.018402,2730.844319
502,3714.280146,2406.072364,1539.51458,1287.246215,918.0907792,942.5718374,982.7977675,734.8810047,719.1251635,680.1576059,629.9086123,594.3875316
503,2860.755317,2065.943294,1195.886738,914.1747865,734.6338336,723.0049447,664.0534784,574.354122,570.7841487,546.7574805,529.4114716,461.5802708
504,5781.160633,3111.189635,1234.174074,1019.868111,297.7152558,155.1210914,122.8644041,143.2504417,102.620472,168.9687698,108.5538706,114.9301347
505,3617.941808,1992.708992,1404.192532,1179.74085,939.3484861,921.8589076,980.851698,736.014074,732.816288,680.8152162,704.2790757,665.5272146
506,29558.73093,14093.15237,7923.86582,4941.772949,3754.080031,2829.178079,3101.94532,2556.656166,2165.189478,2202.607809,2114.234563,1810.121622
507,36684.37183,20947.29535,9915.367397,5869.999072,5366.532314,3521.441136,3808.846198,3113.173693,2636.465192,2637.763318,2516.254569,2235.41806
508,30533.40699,14568.6842,8082.157258,4866.643342,3657.44353,2942.201162,3209.849616,2583.169544,2360.26504,2316.802521,2190.487108,1881.568684
509,3218.770419,2019.94664,1144.864661,962.1971919,770.404646,788.2934948,875.1539415,627.3754271,609.1391724,158.7238227,173.4922435,153.1852611
510,3680.322258,2034.867499,1424.145159,1279.59189,954.0428098,950.9438262,981.0959337,712.9636107,662.0547652,670.9053453,632.6625256,610.8419583
511,3947.505318,2178.03178,1504.480827,1366.170301,1162.629394,965.1568331,1090.285699,791.4009585,753.9632523,727.2411913,721.6017621,636.4795269
512,3783.560632,2375.592561,1462.655666,1250.942709,1012.536117,1018.246001,965.4488421,744.4722864,732.1807087,692.7636345,724.2549648,683.996743
513,32070.52863,15638.10776,9008.939134,5449.901602,4221.193726,3204.841324,3444.54852,2769.432074,2564.324268,2564.668,2348.997724,2026.210626
514,11696.6324,8418.254431,5043.400392,3819.492447,3501.098455,3139.801128,2093.812881,2134.867309,1773.666029,1762.713562,1597.314347,1375.438706
515,6313.792782,3660.855023,2749.613612,2322.774598,1984.814444,1918.269402,1439.219582,1307.172053,1125.05354,1360.736554,965.3211583,998.1895421
516,23836.5082,12427.27601,5938.716545,3597.932464,2987.909466,2241.366801,2710.444209,2098.82404,1736.485519,1741.86308,1660.732633,1449.271269
517,5906.839015,2980.441884,2274.905463,2148.461239,1534.301701,1232.176629,420.2374388,250.8394703,171.3423387,235.3447448,112.7058032,78.7251797
518,15139.0315,7290.912977,3762.206164,2504.94567,1988.785573,1554.188776,1874.861825,1581.490783,1318.141684,1273.592155,1397.00246,1256.616529
519,3683.236219,2055.739415,1415.588285,1278.2792,947.2818747,951.9554533,1066.439651,756.2155926,700.3123901,690.1075934,704.0652327,619.3299781
