"Date","Ope","High","Low","Close","Volume","Adj","Close"
"2012-05-10",19.25,19.88,18.77,18.83,0,18.83,
"2012-05-09",20.65,21.59,19.38,20.08,0,20.08,
"2012-05-08",19.44,20.91,17.95,19.05,0,19.05,
"2012-05-07",19.8,19.87,18.41,18.94,0,18.94,
"2012-05-04",18.03,19.28,17.81,19.16,0,19.16,
"2012-05-03",16.9,17.92,16.73,17.56,0,17.56,
"2012-05-02",17.25,17.63,16.78,16.88,0,16.88,
"2012-05-01",17.27,17.49,16.01,16.6,0,16.6,
"2012-04-30",17.04,17.41,16.92,17.15,0,17.15,
"2012-04-27",15.83,16.47,15.83,16.32,0,16.32,
"2012-04-26",16.97,17.04,15.75,16.24,0,16.24,
"2012-04-25",17.05,17.38,16.82,16.82,0,16.82,
"2012-04-24",19.22,19.22,18.09,18.1,0,18.1,
"2012-04-23",20.22,20.27,18.95,18.97,0,18.97,
"2012-04-20",17.92,18.05,16.97,17.44,0,17.44,
"2012-04-19",18.51,19.69,17.69,18.36,0,18.36,
"2012-04-18",19.02,19.17,17.7,18.64,0,18.64,
"2012-04-17",18.66,18.66,17.58,18.46,0,18.46,
"2012-04-16",18.87,20.42,18.6,19.55,0,19.55,
"2012-04-13",17.95,19.62,17.85,19.55,0,19.55,
"2012-04-12",19.63,19.74,17.2,17.2,0,17.2,
"2012-04-11",19.22,20.12,18.73,20.02,0,20.02,
"2012-04-10",19.1,21.06,18.62,20.39,0,20.39,
"2012-04-09",18.94,18.94,17.93,18.81,0,18.81,
"2012-04-05",17.02,17.13,16.29,16.7,0,16.7,
"2012-04-04",17.07,17.74,16.31,16.42,0,16.42,
"2012-04-03",15.61,16.65,15.56,15.66,0,15.66,
"2012-04-02",16.35,16.58,15.02,15.64,0,15.64,
"2012-03-30",14.88,15.98,14.67,15.5,0,15.5,
"2012-03-29",16.84,17.2,15.39,15.48,0,15.48,
"2012-03-28",15.58,17.27,15.4,15.47,0,15.47,
"2012-03-27",14.52,15.59,14.14,15.57,0,15.57,
"2012-03-26",14.51,15.03,14.26,14.26,0,14.26,
"2012-03-23",15.65,16.39,14.69,14.82,0,14.82,
"2012-03-22",16.04,16.58,15.68,15.68,0,15.68,
"2012-03-21",14.72,15.31,14.19,15.13,0,15.13,
"2012-03-20",15.82,15.95,15.11,15.58,0,15.58,
"2012-03-19",15.42,15.43,14.54,15.04,0,15.04,
"2012-03-16",14.43,15.24,13.66,14.43,0,14.43,
"2012-03-15",15.32,16.06,14.58,15.43,0,15.43,
"2012-03-14",14.42,16.19,14.39,15.31,0,15.31,
"2012-03-13",14,16.08,13.99,14.73,0,14.73,
"2012-03-12",15.79,16.67,15.23,15.64,0,15.64,
"2012-03-09",17.16,17.54,16.63,17.11,0,17.11,
"2012-03-08",18.08,18.46,17.76,18.02,0,18.02,
"2012-03-07",20.43,20.44,19.07,19.07,0,19.07,
"2012-03-06",20.57,21.24,20.3,20.84,0,20.84,
"2012-03-05",18.27,18.9,18.02,18.05,0,18.05,
"2012-03-02",17.65,17.65,17.14,17.29,0,17.29,
"2012-03-01",18.02,18.03,17.26,17.26,0,17.26,
"2012-02-29",17.8,18.75,17.53,18.43,0,18.43,
"2012-02-28",18.67,18.67,17.88,17.95,0,17.95,
"2012-02-27",19.1,19.25,17.58,18.18,0,18.18,
"2012-02-24",16.68,17.62,16.42,17.31,0,17.31,
"2012-02-23",18.73,18.97,16.79,16.83,0,16.83,
"2012-02-22",18.85,18.94,17.74,18.19,0,18.19,
"2012-02-21",18.41,18.94,17.65,18.19,0,18.19,
"2012-02-17",18.73,18.79,17.54,17.78,0,17.78,
"2012-02-16",21.59,21.76,19.22,19.22,0,19.22,
"2012-02-15",19.74,21.77,19.44,21.14,0,21.14,
"2012-02-14",19.45,20.76,18.95,19.54,0,19.54,
"2012-02-13",19.64,19.68,17.92,19.04,0,19.04,
"2012-02-10",20.1,21.98,19.02,20.77,0,20.77,
"2012-02-09",18.12,18.72,18.07,18.63,0,18.63,
"2012-02-08",17.79,18.46,17.53,18.16,0,18.16,
"2012-02-07",17.93,18.1,17.5,17.67,0,17.67,
"2012-02-06",17.98,18.02,16.11,17.76,0,17.76,
"2012-02-03",16.84,17.32,16.1,17.1,0,17.1,
"2012-02-02",18.38,18.5,17.98,17.98,0,17.98,
"2012-02-01",18.68,18.82,17.99,18.55,0,18.55,
"2012-01-31",19.07,19.84,18.13,19.44,0,19.44,
"2012-01-30",20.33,20.33,19.38,19.4,0,19.4,
"2012-01-27",19.16,19.16,18.26,18.53,0,18.53,
"2012-01-26",17.96,19.17,16.8,18.57,0,18.57,
"2012-01-25",19.35,19.55,17.15,18.31,0,18.31,
"2012-01-24",19.76,20,18.63,18.91,0,18.91,
"2012-01-23",19.22,19.31,18.55,18.67,0,18.67,
"2012-01-20",19.91,19.94,18.16,18.28,0,18.28,
"2012-01-19",20.49,20.87,19.45,19.87,0,19.87,
"2012-01-18",23.2,23.44,20.78,20.89,0,20.89,
"2012-01-17",20.9,22.25,20.69,22.2,0,22.2,
"2012-01-13",21.41,22.43,20.91,20.91,0,20.91,
"2012-01-12",21.01,22.03,20.46,20.47,0,20.47,
"2012-01-11",21.18,21.22,20.98,21.05,0,21.05,
"2012-01-10",20.14,20.69,20.05,20.69,0,20.69,
"2012-01-09",21.67,21.78,21,21.07,0,21.07,
"2012-01-06",21.24,21.72,20.58,20.63,0,20.63,
"2012-01-05",22.75,23.09,21.34,21.48,0,21.48,
"2012-01-04",23.44,23.73,22.22,22.22,0,22.22,
"2012-01-03",22.95,23.1,22.54,22.97,0,22.97,
"2011-12-30",22.86,23.46,22.65,23.4,0,23.4,
"2011-12-29",23.52,23.52,22.65,22.65,0,22.65,
"2011-12-28",22.12,23.56,22.11,23.52,0,23.52,
"2011-12-27",22.58,22.66,21.68,21.91,0,21.91,
"2011-12-23",21.1,21.21,20.72,20.73,0,20.73,
"2011-12-22",21.08,21.33,20.34,21.16,0,21.16,
"2011-12-21",22.52,23.94,21.12,21.43,0,21.43,
"2011-12-20",23.56,23.58,22.54,23.22,0,23.22,
"2011-12-19",25.14,25.38,24.38,24.92,0,24.92,
"2011-12-16",24.16,25.02,23.51,24.29,0,24.29,
"2011-12-15",24.38,25.28,23.88,25.11,0,25.11,
"2011-12-14",26.16,27.55,25.76,26.04,0,26.04,
"2011-12-13",24.72,26.28,23.27,25.41,0,25.41,
"2011-12-12",26.78,27.73,25.64,25.67,0,25.67,
"2011-12-09",29.61,29.61,26.29,26.38,0,26.38,
"2011-12-08",29.63,30.91,29.02,30.59,0,30.59,
"2011-12-07",28.61,29.58,28.44,28.67,0,28.67,
"2011-12-06",27.91,28.13,27.41,28.13,0,28.13,
"2011-12-05",26.74,28.31,26,27.84,0,27.84,
"2011-12-02",26.26,27.62,25.29,27.52,0,27.52,
"2011-12-01",27.63,27.89,26.64,27.41,0,27.41,
"2011-11-30",27.72,28.5,27.03,27.8,0,27.8,
"2011-11-29",31.76,32.02,30.56,30.64,0,30.64,
"2011-11-28",31.93,33.11,29.47,32.13,0,32.13,
"2011-11-25",34.61,34.77,33.12,34.47,0,34.47,
"2011-11-23",32.91,34.57,32.68,33.98,0,33.98,
"2011-11-22",33.12,33.39,31.28,31.97,0,31.97,
"2011-11-21",34.59,35.29,32.53,32.91,0,32.91,
"2011-11-18",33.16,33.99,31.92,32,0,32,
"2011-11-17",33.15,36.46,32.89,34.51,0,34.51,
"2011-11-16",32.66,33.51,30.54,33.51,0,33.51,
"2011-11-15",31.74,32.55,30.4,31.22,0,31.22,
"2011-11-14",31.42,32.85,31.13,31.13,0,31.13,
"2011-11-11",29.91,30.42,29.45,30.04,0,30.04,
"2011-11-10",33.09,35.5,32.12,32.81,0,32.81,
"2011-11-09",31.32,36.43,30.98,36.16,0,36.16,
"2011-11-08",29.34,30.49,27.47,27.48,0,27.48,
"2011-11-07",31.4,32.15,29.85,29.85,0,29.85,
"2011-11-04",31.46,32.56,30.14,30.16,0,30.16,
"2011-11-03",31.38,34.65,30.21,30.5,0,30.5,
"2011-11-02",33.53,34.27,32.55,32.74,0,32.74,
"2011-11-01",36.03,37.53,33.87,34.77,0,34.77,
"2011-10-31",27.09,29.97,27.01,29.96,0,29.96,
"2011-10-28",26.02,26.02,24.44,24.53,0,24.53,
"2011-10-27",24.72,26.46,24.7,25.46,0,25.46,
"2011-10-26",30.44,33.3,29.63,29.86,0,29.86,
"2011-10-25",30.68,32.46,30.32,32.22,0,32.22,
"2011-10-24",31.67,31.7,28.84,29.26,0,29.26,
"2011-10-21",32.76,32.98,31.32,31.32,0,31.32,
"2011-10-20",34.44,36.87,34.16,34.78,0,34.78,
"2011-10-19",32.92,35.47,31.91,34.44,0,34.44,
"2011-10-18",33.37,34.71,29.69,31.56,0,31.56,
"2011-10-17",30.35,33.39,30.12,33.39,0,33.39,
"2011-10-14",29.07,29.96,28.08,28.24,0,28.24,
"2011-10-13",31.99,32.76,30.48,30.7,0,30.7,
"2011-10-12",31.57,31.93,29.79,31.26,0,31.26,
"2011-10-11",33.95,34.24,32.62,32.86,0,32.86,
"2011-10-10",35.45,35.45,32.96,33.02,0,33.02,
"2011-10-07",35.67,37.82,35.19,36.2,0,36.2,
"2011-10-06",38.24,38.74,36.15,36.27,0,36.27,
"2011-10-05",40.73,41.2,37.51,37.81,0,37.81,
"2011-10-04",46.18,46.88,40.02,40.82,0,40.82,
"2011-10-03",44.25,45.55,41.51,45.45,0,45.45,
"2011-09-30",40.93,42.99,39.88,42.96,0,42.96,
"2011-09-29",38.62,42,38.03,38.84,0,38.84,
"2011-09-28",37.7,41.24,36.65,41.08,0,41.08,
"2011-09-27",36.59,38.57,35.32,37.71,0,37.71,
"2011-09-26",40.99,43.34,39.02,39.02,0,39.02,
"2011-09-23",42.17,42.82,40.42,41.25,0,41.25,
"2011-09-22",41,43.87,39.33,41.35,0,41.35,
"2011-09-21",33,37.32,32.45,37.32,0,37.32,
"2011-09-20",32.42,33.14,31.45,32.86,0,32.86,
"2011-09-19",34.8,35.33,32.35,32.73,0,32.73,
"2011-09-16",31.81,32.48,30.43,30.98,0,30.98,
"2011-09-15",33.43,33.98,31.75,31.97,0,31.97,
"2011-09-14",36.59,37.76,33.4,34.6,0,34.6,
"2011-09-13",38.68,39.43,36.69,36.91,0,36.91,
"2011-09-12",42.56,43.18,38.58,38.59,0,38.59,
"2011-09-09",35.53,40.74,35.53,38.52,0,38.52,
"2011-09-08",34.41,34.71,32.79,34.32,0,34.32,
"2011-09-07",34.24,34.7,33.38,33.38,0,33.38,
"2011-09-06",39.84,39.86,37,37,0,37,
"2011-09-02",34.29,34.74,32.7,33.92,0,33.92,
"2011-09-01",31.91,32.38,30.76,31.82,0,31.82,
"2011-08-31",31.2,32.53,30.16,31.62,0,31.62,
"2011-08-30",32.97,33.55,31.55,32.89,0,32.89,
"2011-08-29",33.81,33.81,32.21,32.28,0,32.28,
"2011-08-26",41.18,43.84,34.33,35.59,0,35.59,
"2011-08-25",34.43,40.14,34.05,39.76,0,39.76,
"2011-08-24",37.12,37.38,34.55,35.9,0,35.9,
"2011-08-23",41.89,42.33,35.83,36.27,0,36.27,
"2011-08-22",38.8,43.58,38.78,42.44,0,42.44,
"2011-08-19",45.34,45.4,39.99,43.05,0,43.05,
"2011-08-18",36.77,45.28,36.69,42.67,0,42.67,
"2011-08-17",32.09,33.32,30.81,31.58,0,31.58,
"2011-08-16",33.36,34.49,31.68,32.85,0,32.85,
"2011-08-15",34.73,34.83,31.47,31.87,0,31.87,
"2011-08-12",37.08,37.85,34.01,36.36,0,36.36,
"2011-08-11",41.94,42.88,37.5,39,0,39,
"2011-08-10",39.33,44.41,37.34,42.99,0,42.99,
"2011-08-09",42.12,47.56,34.28,35.06,0,35.06,
"2011-08-08",36.9,48,35.29,48,0,48,
"2011-08-05",28.48,39.25,27.54,32,0,32,
"2011-08-04",24.57,32.07,24.31,31.66,0,31.66,
"2011-08-03",23.58,25.23,22.76,23.38,0,23.38,
"2011-08-02",24.22,24.79,22.65,24.79,0,24.79,
"2011-08-01",22.63,25.63,22.46,23.66,0,23.66,
"2011-07-29",25.28,25.94,23.65,25.25,0,25.25,
"2011-07-28",22.83,23.99,21.2,23.74,0,23.74,
"2011-07-27",20.87,23.2,20.87,22.98,0,22.98,
"2011-07-26",19.75,20.5,19.56,20.23,0,20.23,
"2011-07-25",19.26,19.5,18.73,19.35,0,19.35,
"2011-07-22",17.22,17.95,17.14,17.52,0,17.52,
"2011-07-21",18.61,18.63,17.15,17.56,0,17.56,
"2011-07-20",18.81,19.65,18.61,19.09,0,19.09,
"2011-07-19",20.14,20.43,19.12,19.21,0,19.21,
"2011-07-18",21.25,21.93,20.9,20.95,0,20.95,
"2011-07-15",20.25,21.68,19.52,19.53,0,19.53,
"2011-07-14",20.08,21.58,19.35,20.8,0,20.8,
"2011-07-13",19.08,20.16,18.09,19.91,0,19.91,
"2011-07-12",19.55,20.13,18.25,19.87,0,19.87,
"2011-07-11",17.44,19.06,17.16,18.39,0,18.39,
"2011-07-08",17.14,17.14,15.95,15.95,0,15.95,
"2011-07-07",15.3,16.13,15.3,15.95,0,15.95,
"2011-07-06",16.46,17.08,16.32,16.34,0,16.34,
"2011-07-05",16.32,16.5,15.89,16.06,0,16.06,
"2011-07-01",16.06,16.29,15.12,15.87,0,15.87,
"2011-06-30",16.67,16.77,15.88,16.52,0,16.52,
"2011-06-29",18.62,18.83,16.32,17.27,0,17.27,
"2011-06-28",20.3,20.45,19.17,19.17,0,19.17,
"2011-06-27",21.6,21.82,20.27,20.56,0,20.56,
"2011-06-24",19.2,21.28,19.1,21.1,0,21.1,
"2011-06-23",20.23,21.5,19.22,19.29,0,19.29,
"2011-06-22",18.86,18.9,17.72,18.52,0,18.52,
"2011-06-21",19.46,19.46,17.72,18.86,0,18.86,
"2011-06-20",22.99,23.08,19.99,19.99,0,19.99,
"2011-06-17",21.56,22.39,20.35,21.85,0,21.85,
"2011-06-16",21.37,24.65,20.81,22.73,0,22.73,
"2011-06-15",19.31,21.66,19.03,21.32,0,21.32,
"2011-06-14",18.56,18.56,17.8,18.26,0,18.26,
"2011-06-13",19.1,20.02,18.41,19.61,0,19.61,
"2011-06-10",17.93,19.16,17.93,18.86,0,18.86,
"2011-06-09",18.2,18.31,17.26,17.77,0,17.77,
"2011-06-08",18.15,18.83,17.72,18.79,0,18.79,
"2011-06-07",18.13,18.48,17.39,18.07,0,18.07,
"2011-06-06",18.42,18.65,17.65,18.49,0,18.49,
"2011-06-03",18.23,19.87,17.12,17.95,0,17.95,
"2011-06-02",17.92,18.72,17.39,18.09,0,18.09,
"2011-06-01",15.95,18.48,15.95,18.3,0,18.3,
"2011-05-31",15.85,16.5,15.15,15.45,0,15.45,
"2011-05-27",16.11,16.27,15.36,15.98,0,15.98,
"2011-05-26",17.17,17.46,15.9,16.09,0,16.09,
"2011-05-25",18.26,18.26,16.7,17.07,0,17.07,
"2011-05-24",18.07,18.19,17,17.82,0,17.82,
"2011-05-23",20.03,20.03,17.47,18.27,0,18.27,
"2011-05-20",15.88,17.43,15.7,17.43,0,17.43,
"2011-05-19",15.9,16.56,15.5,15.52,0,15.52,
"2011-05-18",17.56,17.68,16.03,16.23,0,16.23,
"2011-05-17",18.54,19.09,17.47,17.55,0,17.55,
"2011-05-16",17.86,18.25,16.61,18.24,0,18.24,
"2011-05-13",16.02,17.56,15.98,17.07,0,17.07,
"2011-05-12",17.27,17.89,16.03,16.03,0,16.03,
"2011-05-11",16.27,17.49,16.23,16.95,0,16.95,
"2011-05-10",16.84,16.9,15.79,15.91,0,15.91,
"2011-05-09",18.59,18.59,17.04,17.16,0,17.16,
"2011-05-06",17.17,19.29,16.12,18.4,0,18.4,
"2011-05-05",17.68,19.11,16.74,18.2,0,18.2,
"2011-05-04",16.84,17.72,16.83,17.08,0,17.08,
"2011-05-03",16.35,17.29,16.13,16.7,0,16.7,
"2011-05-02",15.07,16.13,15.07,15.99,0,15.99,
"2011-04-29",14.56,14.99,14.49,14.75,0,14.75,
"2011-04-28",15.54,15.54,14.27,14.62,0,14.62,
"2011-04-27",15.37,16.42,15.13,15.35,0,15.35,
"2011-04-26",15.36,15.66,15.07,15.62,0,15.62,
"2011-04-25",15.64,16.06,15.5,15.77,0,15.77,
"2011-04-21",14.71,15.23,14.4,14.69,0,14.69,
"2011-04-20",14.31,15.39,14.3,15.07,0,15.07,
"2011-04-19",16.62,16.72,15.69,15.83,0,15.83,
"2011-04-18",18.3,19.07,16.81,16.96,0,16.96,
"2011-04-15",15.97,15.98,14.92,15.32,0,15.32,
"2011-04-14",17.77,18.08,16.08,16.27,0,16.27,
"2011-04-13",16.33,17.38,16.2,16.92,0,16.92,
"2011-04-12",17.58,18.46,16.88,17.09,0,17.09,
"2011-04-11",16.74,17.05,16.22,16.59,0,16.59,
"2011-04-08",16.51,18.33,16.51,17.87,0,17.87,
"2011-04-07",16.92,17.77,16.49,17.11,0,17.11,
"2011-04-06",16.75,17.15,16.5,16.9,0,16.9,
"2011-04-05",17.87,17.87,16.5,17.25,0,17.25,
"2011-04-04",17.63,17.85,17.39,17.5,0,17.5,
"2011-04-01",16.68,17.62,16.44,17.4,0,17.4,
"2011-03-31",17.9,17.95,17.41,17.74,0,17.74,
"2011-03-30",17.82,17.89,17.25,17.71,0,17.71,
"2011-03-29",19.17,19.78,18,18.16,0,18.16,
"2011-03-28",18.31,19.44,17.96,19.44,0,19.44,
"2011-03-25",17.87,18.08,17.07,17.91,0,17.91,
"2011-03-24",18.45,18.99,17.87,18,0,18,
"2011-03-23",20.59,21.05,18.19,19.17,0,19.17,
"2011-03-22",20.53,20.59,19.97,20.21,0,20.21,
"2011-03-21",22.1,22.16,20.22,20.61,0,20.61,
"2011-03-18",23.9,24.85,23.09,24.44,0,24.44,
"2011-03-17",26.94,27.54,25.44,26.37,0,26.37,
"2011-03-16",24.65,31.28,24.04,29.4,0,29.4,
"2011-03-15",25.66,25.72,23.31,24.32,0,24.32,
"2011-03-14",21.79,22.74,20.92,21.13,0,21.13,
"2011-03-11",21.72,21.75,19.97,20.08,0,20.08,
"2011-03-10",21.37,22.25,20.34,21.79,0,21.79,
"2011-03-09",20.05,20.96,19.41,20.22,0,20.22,
"2011-03-08",20.58,21.06,19.15,19.82,0,19.82,
"2011-03-07",19.37,21.77,18.95,20.66,0,20.66,
"2011-03-04",18.56,20.33,18.31,19.06,0,19.06,
"2011-03-03",19.27,19.27,18.25,18.6,0,18.6,
"2011-03-02",20.73,21.14,19.62,20.7,0,20.7,
"2011-03-01",17.63,21.01,17.63,21.01,0,21.01,
"2011-02-28",19.12,19.27,18.14,18.35,0,18.35,
"2011-02-25",20.41,20.44,18.88,19.22,0,19.22,
"2011-02-24",22.28,22.71,20.81,21.32,0,21.32,
"2011-02-23",20.84,23.22,20.3,22.13,0,22.13,
"2011-02-22",19.46,21.45,18.38,20.8,0,20.8,
"2011-02-18",16.59,16.91,15.54,16.43,0,16.43,
"2011-02-17",17.01,17.3,15.88,16.59,0,16.59,
"2011-02-16",16.31,16.74,15.84,16.72,0,16.72,
"2011-02-15",16.3,16.75,16.27,16.37,0,16.37,
"2011-02-14",16.07,16.26,15.22,15.95,0,15.95,
"2011-02-11",16.53,16.53,15.55,15.69,0,15.69,
"2011-02-10",16.74,17.07,16,16.09,0,16.09,
"2011-02-09",16.27,16.52,15.86,15.87,0,15.87,
"2011-02-08",16.29,16.6,14.86,15.81,0,15.81,
"2011-02-07",16.14,16.54,15.84,16.28,0,16.28,
"2011-02-04",16.64,16.74,15.89,15.93,0,15.93,
"2011-02-03",17.53,17.8,16.61,16.69,0,16.69,
"2011-02-02",17.82,17.84,17.28,17.3,0,17.3,
"2011-02-01",18.59,18.63,17.4,17.63,0,17.63,
"2011-01-31",19.61,19.96,17.1,19.53,0,19.53,
"2011-01-28",15.94,20.08,15.92,20.04,0,20.04,
"2011-01-27",16.84,16.89,15.81,16.15,0,16.15,
"2011-01-26",17,17.42,16.59,16.64,0,16.64,
"2011-01-25",18.22,18.55,17.59,17.59,0,17.59,
"2011-01-24",18.78,18.93,17.56,17.65,0,17.65,
"2011-01-21",17.03,18.61,16.6,18.47,0,18.47,
"2011-01-20",17.81,18.85,17.65,17.99,0,17.99,
"2011-01-19",15.89,17.67,15.86,17.31,0,17.31,
"2011-01-18",16.19,16.2,15.71,15.87,0,15.87,
"2011-01-14",16.67,16.71,15.37,15.46,0,15.46,
"2011-01-13",16.51,16.78,16.14,16.39,0,16.39,
"2011-01-12",16.26,16.5,16.17,16.24,0,16.24,
"2011-01-11",16.61,17.35,16.6,16.89,0,16.89,
"2011-01-10",18.35,18.63,17.54,17.54,0,17.54,
"2011-01-07",17.31,18.07,16.57,17.14,0,17.14,
"2011-01-06",16.8,17.56,16.79,17.4,0,17.4,
"2011-01-05",17.81,17.95,16.86,17.02,0,17.02,
"2011-01-04",17.34,18.24,17.33,17.38,0,17.38,
"2011-01-03",17.94,17.95,16.91,17.61,0,17.61,
"2010-12-31",17.91,18.13,17.75,17.75,0,17.75,
"2010-12-30",17.65,17.89,17.46,17.52,0,17.52,
"2010-12-29",17.49,17.49,17.02,17.28,0,17.28,
"2010-12-28",17.3,17.99,17.3,17.52,0,17.52,
"2010-12-27",18.26,18.32,17.66,17.67,0,17.67,
"2010-12-23",15.44,16.86,15.4,16.47,0,16.47,
"2010-12-22",16.52,16.56,15.45,15.45,0,15.45,
"2010-12-21",16.2,16.62,16.08,16.49,0,16.49,
"2010-12-20",16.22,16.86,15.78,16.41,0,16.41,
"2010-12-17",17.62,17.64,15.46,16.11,0,16.11,
"2010-12-16",18.03,18.27,16.88,17.39,0,17.39,
"2010-12-15",17.99,18.14,17.37,17.94,0,17.94,
"2010-12-14",17.6,17.95,17.22,17.61,0,17.61,
"2010-12-13",16.82,17.67,16.68,17.55,0,17.55,
"2010-12-10",17.06,17.63,17.06,17.61,0,17.61,
"2010-12-09",17.32,17.84,17.24,17.25,0,17.25,
"2010-12-08",17.97,18.32,17.69,17.74,0,17.74,
"2010-12-07",17.13,18.15,17.13,17.99,0,17.99,
"2010-12-06",18.8,18.85,17.95,18.02,0,18.02,
"2010-12-03",19.26,19.28,17.71,18.01,0,18.01,
"2010-12-02",21.13,21.13,19.1,19.39,0,19.39,
"2010-12-01",21.19,21.43,20.4,21.36,0,21.36,
"2010-11-30",23.27,23.79,22.42,23.54,0,23.54,
"2010-11-29",23.15,23.84,21.38,21.53,0,21.53,
"2010-11-26",21.17,22.22,20.28,22.22,0,22.22,
"2010-11-24",19.42,19.61,18.73,19.56,0,19.56,
"2010-11-23",20.25,21.45,20.24,20.63,0,20.63,
"2010-11-22",19.45,20.14,18.35,18.37,0,18.37,
"2010-11-19",19.15,19.72,17.76,18.04,0,18.04,
"2010-11-18",20.31,20.31,18.75,18.75,0,18.75,
"2010-11-17",22.19,22.21,21.22,21.76,0,21.76,
"2010-11-16",21.26,23.07,20.95,22.58,0,22.58,
"2010-11-15",20.33,20.37,19.14,20.2,0,20.2,
"2010-11-12",19.59,21.23,19.29,20.61,0,20.61,
"2010-11-11",19.44,19.75,18.48,18.64,0,18.64,
"2010-11-10",18.94,19.96,18.41,18.47,0,18.47,
"2010-11-09",18.51,19.39,17.83,19.08,0,19.08,
"2010-11-08",19.33,19.35,18.21,18.29,0,18.29,
"2010-11-05",18.07,18.44,17.92,18.26,0,18.26,
"2010-11-04",18.03,18.8,17.97,18.52,0,18.52,
"2010-11-03",21.66,22.02,19.54,19.56,0,19.56,
"2010-11-02",21.34,21.82,21.22,21.57,0,21.57,
"2010-11-01",21.65,22.54,20.92,21.83,0,21.83,
"2010-10-29",21.2,21.4,20.86,21.2,0,21.2,
"2010-10-28",20.28,21.41,20.18,20.88,0,20.88,
"2010-10-27",21.11,22.37,20.69,20.71,0,20.71,
"2010-10-26",20.52,21.01,20.22,20.22,0,20.22,
"2010-10-25",19.22,19.88,18.86,19.85,0,19.85,
"2010-10-22",19.36,19.36,18.76,18.78,0,18.78,
"2010-10-21",19.7,20.53,18.93,19.27,0,19.27,
"2010-10-20",21.2,21.2,19.67,19.79,0,19.79,
"2010-10-19",20.7,21.35,19.33,20.63,0,20.63,
"2010-10-18",20.43,20.71,18.88,19.09,0,19.09,
"2010-10-15",20.2,21.59,19.02,19.03,0,19.03,
"2010-10-14",19.59,21.02,19.4,19.88,0,19.88,
"2010-10-13",17.92,19.16,17.9,19.07,0,19.07,
"2010-10-12",20,20.1,18.55,18.93,0,18.93,
"2010-10-11",19.33,19.51,18.8,18.96,0,18.96,
"2010-10-08",21.58,21.64,20.29,20.71,0,20.71,
"2010-10-07",21.31,22.16,21.28,21.56,0,21.56,
"2010-10-06",21.82,22.13,21.46,21.49,0,21.49,
"2010-10-05",22.52,23.08,21.71,21.76,0,21.76,
"2010-10-04",23.63,24.34,23.3,23.53,0,23.53,
"2010-10-01",22.9,23.67,22.46,22.5,0,22.5,
"2010-09-30",22.85,24.52,22.39,23.7,0,23.7,
"2010-09-29",23.14,23.45,22.72,23.25,0,23.25,
"2010-09-28",22.92,24.28,22.4,22.6,0,22.6,
"2010-09-27",22.58,22.75,21.97,22.54,0,22.54,
"2010-09-24",22.61,22.61,21.71,21.71,0,21.71,
"2010-09-23",23.91,24.06,22.56,23.87,0,23.87,
"2010-09-22",22.56,23.19,21.91,22.51,0,22.51,
"2010-09-21",21.54,22.59,21.42,22.35,0,22.35,
"2010-09-20",22.47,22.58,21.25,21.5,0,21.5,
"2010-09-17",21.65,22.56,21.63,22.01,0,22.01,
"2010-09-16",22.65,22.83,21.71,21.72,0,21.72,
"2010-09-15",22.55,22.8,22.1,22.1,0,22.1,
"2010-09-14",21.69,21.97,20.85,21.56,0,21.56,
"2010-09-13",21.06,22.05,20.93,21.21,0,21.21,
"2010-09-10",22.64,22.87,21.76,21.99,0,21.99,
"2010-09-09",22.22,23.24,22.14,22.81,0,22.81,
"2010-09-08",23.51,23.56,22.92,23.25,0,23.25,
"2010-09-07",22.77,23.94,22.77,23.8,0,23.8,
"2010-09-03",21.99,22.78,21.24,21.31,0,21.31,
"2010-09-02",24.23,24.31,23.15,23.19,0,23.19,
"2010-09-01",25.13,25.13,23.86,23.89,0,23.89,
"2010-08-31",27.58,27.83,25.93,26.05,0,26.05,
"2010-08-30",25.88,27.21,25.41,27.21,0,27.21,
"2010-08-27",26.5,28.11,24.41,24.45,0,24.45,
"2010-08-26",26.45,27.55,25.86,27.37,0,27.37,
"2010-08-25",28.3,28.92,26.46,26.7,0,26.7,
"2010-08-24",27.91,28.77,26.32,27.46,0,27.46,
"2010-08-23",25.97,25.97,24.62,25.66,0,25.66,
"2010-08-20",26.73,27,25.49,25.49,0,25.49,
"2010-08-19",24.48,26.78,24.26,26.44,0,26.44,
"2010-08-18",24.3,25.23,23.4,24.59,0,24.59,
"2010-08-17",24.72,24.89,23.71,24.33,0,24.33,
"2010-08-16",27.41,28.1,25.38,26.1,0,26.1,
"2010-08-13",26.08,26.26,25.45,26.24,0,26.24,
"2010-08-12",27.21,27.21,25.18,25.73,0,25.73,
"2010-08-11",24.96,26.1,24.96,25.39,0,25.39,
"2010-08-10",23.3,24.24,22.17,22.37,0,22.37,
"2010-08-09",21.85,22.87,21.36,22.14,0,22.14,
"2010-08-06",23.34,23.89,21.72,21.74,0,21.74,
"2010-08-05",23.04,23.13,22.07,22.1,0,22.1,
"2010-08-04",22.69,23.69,22.16,22.21,0,22.21,
"2010-08-03",22.44,23.06,21.98,22.63,0,22.63,
"2010-08-02",23.07,23.24,21.74,22.01,0,22.01,
"2010-07-30",25.47,27.32,23.35,23.5,0,23.5,
"2010-07-29",23.4,25.54,23.04,24.13,0,24.13,
"2010-07-28",23.93,24.54,22.24,24.25,0,24.25,
"2010-07-27",21.89,23.57,21.86,23.19,0,23.19,
"2010-07-26",24.37,24.61,22.7,22.73,0,22.73,
"2010-07-23",24.79,25.17,23.32,23.47,0,23.47,
"2010-07-22",24.37,24.85,23.72,24.63,0,24.63,
"2010-07-21",23.61,26.63,23.59,25.64,0,25.64,
"2010-07-20",27.35,27.4,23.79,23.93,0,23.93,
"2010-07-19",27.02,27.3,25.12,25.97,0,25.97,
"2010-07-16",25.77,28.16,25.71,26.25,0,26.25,
"2010-07-15",25.08,27.24,24.74,25.14,0,25.14,
"2010-07-14",24.61,25.8,24.18,24.89,0,24.89,
"2010-07-13",23.29,24.57,23.12,24.56,0,24.56,
"2010-07-12",24.66,25.14,23.53,24.43,0,24.43,
"2010-07-09",25.35,25.67,24.37,24.98,0,24.98,
"2010-07-08",26.5,27.42,24.22,25.71,0,25.71,
"2010-07-07",29.56,29.56,26.84,26.84,0,26.84,
"2010-07-06",28.82,31.15,27.96,29.65,0,29.65,
"2010-07-02",31.71,31.88,29.35,30.12,0,30.12,
"2010-07-01",34.41,37.58,32.72,32.86,0,32.86,
"2010-06-30",33.95,34.63,31.74,34.54,0,34.54,
"2010-06-29",31.22,35.39,31.22,34.13,0,34.13,
"2010-06-28",29.2,29.9,28.47,29,0,29,
"2010-06-25",29.64,30.41,28.07,28.53,0,28.53,
"2010-06-24",27.61,30.27,27.53,29.74,0,29.74,
"2010-06-23",26.93,28.55,26.54,26.91,0,26.91,
"2010-06-22",25.14,27.05,24.41,27.05,0,27.05,
"2010-06-21",22.9,25.64,22.87,24.88,0,24.88,
"2010-06-18",24.87,24.88,23.3,23.95,0,23.95,
"2010-06-17",25.59,26.64,25.05,25.05,0,25.05,
"2010-06-16",26.72,26.72,25.34,25.92,0,25.92,
"2010-06-15",27.68,27.84,25.68,25.87,0,25.87,
"2010-06-14",27.94,28.72,26.98,28.58,0,28.58,
"2010-06-11",31.79,31.79,28.6,28.79,0,28.79,
"2010-06-10",31,31.77,29.69,30.57,0,30.57,
"2010-06-09",32.33,34.12,30.23,33.73,0,33.73,
"2010-06-08",36.53,37.38,33.36,33.7,0,33.7,
"2010-06-07",35.66,36.8,34.43,36.57,0,36.57,
"2010-06-04",32.93,36.12,31.81,35.48,0,35.48,
"2010-06-03",29.65,31.2,29.12,29.46,0,29.46,
"2010-06-02",34.39,34.57,29.94,30.17,0,30.17,
"2010-06-01",34.87,35.68,31.82,35.54,0,35.54,
"2010-05-28",30.23,33.3,29.53,32.07,0,32.07,
"2010-05-27",30.24,31.03,29.54,29.68,0,29.68,
"2010-05-26",32.54,35.02,29.39,35.02,0,35.02,
"2010-05-25",43.15,43.74,34.59,34.61,0,34.61,
"2010-05-24",41.74,41.74,35.57,38.32,0,38.32,
"2010-05-21",47.66,48.2,38.95,40.1,0,40.1,
"2010-05-20",41.79,46.37,40.3,45.79,0,45.79,
"2010-05-19",34.65,38.42,33.07,35.32,0,35.32,
"2010-05-18",28.67,34.17,28.09,33.55,0,33.55,
"2010-05-17",31.33,35.25,30.76,30.84,0,30.84,
"2010-05-14",28.4,33.24,28.4,31.24,0,31.24,
"2010-05-13",26.17,26.85,24.3,26.68,0,26.68,
"2010-05-12",26.56,26.67,24.98,25.52,0,25.52,
"2010-05-11",31.04,31.04,25.86,28.32,0,28.32,
"2010-05-10",28.65,30.89,25.68,28.84,0,28.84,
"2010-05-07",32.76,42.15,31.71,40.95,0,40.95,
"2010-05-06",25.88,40.71,24.43,32.8,0,32.8,
"2010-05-05",25.96,27.23,23.75,24.91,0,24.91,
"2010-05-04",22.46,25.7,22.46,23.84,0,23.84,
"2010-05-03",22.41,22.41,19.61,20.19,0,20.19,
"2010-04-30",18.75,22.39,18.41,22.05,0,22.05,
"2010-04-29",20.37,20.37,18.44,18.44,0,18.44,
"2010-04-28",22.08,23.03,20.86,21.08,0,21.08,
"2010-04-27",18.13,23.2,17.94,22.81,0,22.81,
"2010-04-26",17.52,17.53,17.07,17.47,0,17.47,
"2010-04-23",16.62,16.71,16.12,16.62,0,16.62,
"2010-04-22",17.48,18.19,16.2,16.47,0,16.47,
"2010-04-21",15.94,16.85,15.5,16.32,0,16.32,
"2010-04-20",16.84,16.89,15.73,15.73,0,15.73,
"2010-04-19",19.14,19.55,17.34,17.34,0,17.34,
"2010-04-16",16.19,19.7,16.11,18.36,0,18.36,
"2010-04-15",15.87,16.5,15.68,15.89,0,15.89,
"2010-04-14",15.8,16.38,15.55,15.59,0,15.59,
"2010-04-13",15.98,16.77,15.81,16.2,0,16.2,
"2010-04-12",15.67,16,15.23,15.58,0,15.58,
"2010-04-09",16.32,16.65,16.06,16.14,0,16.14,
"2010-04-08",17.21,17.8,16.3,16.48,0,16.48,
"2010-04-07",16.72,17.21,16.16,16.62,0,16.62,
"2010-04-06",17.39,17.54,16.08,16.23,0,16.23,
"2010-04-05",17.96,18.16,17.02,17.02,0,17.02,
"2010-04-01",17.01,18.09,16.79,17.47,0,17.47,
"2010-03-31",17.66,17.92,17.29,17.59,0,17.59,
"2010-03-30",17.64,18.08,17.13,17.13,0,17.13,
"2010-03-29",18.17,18.28,17.57,17.59,0,17.59,
"2010-03-26",18.27,18.69,17.35,17.77,0,17.77,
"2010-03-25",17.07,18.54,16.62,18.4,0,18.4,
"2010-03-24",16.85,17.92,16.83,17.55,0,17.55,
"2010-03-23",16.84,17.09,16.21,16.35,0,16.35,
"2010-03-22",18.3,18.34,16.77,16.87,0,16.87,
"2010-03-19",16.17,17.57,16.17,16.97,0,16.97,
"2010-03-18",16.96,16.99,16.31,16.62,0,16.62,
"2010-03-17",16.97,17.17,16.52,16.91,0,16.91,
"2010-03-16",17.78,18.01,17.42,17.69,0,17.69,
"2010-03-15",18.28,18.78,17.96,18,0,18,
"2010-03-12",17.97,18.53,17.58,17.58,0,17.58,
"2010-03-11",18.9,19.34,18.06,18.06,0,18.06,
"2010-03-10",18,18.6,17.43,18.57,0,18.57,
"2010-03-09",18.18,18.19,17.51,17.92,0,17.92,
"2010-03-08",17.95,17.96,17.56,17.79,0,17.79,
"2010-03-05",18.06,18.15,17.23,17.42,0,17.42,
"2010-03-04",18.86,19.27,18.58,18.72,0,18.72,
"2010-03-03",18.95,19.3,18.42,18.83,0,18.83,
"2010-03-02",18.83,19.36,18.6,19.06,0,19.06,
"2010-03-01",19.93,19.94,19.18,19.26,0,19.26,
"2010-02-26",19.88,20.53,19.32,19.5,0,19.5,
"2010-02-25",22.03,22.68,20.06,20.1,0,20.1,
"2010-02-24",21.23,21.58,20.22,20.27,0,20.27,
"2010-02-23",20.39,21.94,20.06,21.37,0,21.37,
"2010-02-22",20.16,21,19.59,19.94,0,19.94,
"2010-02-19",21.07,21.14,19.71,20.02,0,20.02,
"2010-02-18",21.72,22.21,20.6,20.63,0,20.63,
"2010-02-17",22.47,22.6,21.7,21.72,0,21.72,
"2010-02-16",23.51,23.57,22.13,22.25,0,22.25,
"2010-02-12",23.96,25.54,22.73,22.73,0,22.73,
"2010-02-11",25.82,26.11,23.87,23.96,0,23.96,
"2010-02-10",26.36,26.77,24.8,25.4,0,25.4,
"2010-02-09",26.51,26.56,24.78,26,0,26,
"2010-02-08",26.11,27.11,25.48,26.51,0,26.51,
"2010-02-05",25.69,29.22,25.37,26.11,0,26.11,
"2010-02-04",22.63,26.32,22.63,26.08,0,26.08,
"2010-02-03",22.11,22.11,21.33,21.6,0,21.6,
"2010-02-02",22.59,22.99,21.08,21.48,0,21.48,
"2010-02-01",24.33,24.33,22.58,22.59,0,22.59,
"2010-01-29",23.73,25.03,22.11,24.62,0,24.62,
"2010-01-28",22.79,25.3,22.69,23.73,0,23.73,
"2010-01-27",24.81,25.69,23.14,23.14,0,23.14,
"2010-01-26",26.03,26.22,22.77,24.55,0,24.55,
"2010-01-25",27.32,27.32,24.61,25.41,0,25.41,
"2010-01-22",22.27,28.01,22.27,27.31,0,27.31,
"2010-01-21",18.59,22.3,18.27,22.27,0,22.27,
"2010-01-20",18.51,19.69,18.44,18.68,0,18.68,
"2010-01-19",18.63,18.85,17.33,17.58,0,17.58,
"2010-01-15",17.63,19.02,17.63,17.91,0,17.91,
"2010-01-14",18.16,18.27,17.38,17.63,0,17.63,
"2010-01-13",17.94,18.72,17.56,17.85,0,17.85,
"2010-01-12",17.95,19.46,17.95,18.25,0,18.25,
"2010-01-11",16.93,17.74,16.86,17.55,0,17.55,
"2010-01-08",19.27,19.27,18.11,18.13,0,18.13,
"2010-01-07",19.68,19.71,18.7,19.06,0,19.06,
"2010-01-06",19.59,19.68,18.77,19.16,0,19.16,
"2010-01-05",20.05,20.13,19.34,19.35,0,19.35,
"2010-01-04",21.68,21.68,20.03,20.04,0,20.04,
"2009-12-31",19.96,21.83,19.89,21.68,0,21.68,
"2009-12-30",20.36,20.44,19.93,19.96,0,19.96,
"2009-12-29",19.87,20.12,19.62,20.01,0,20.01,
"2009-12-28",20.29,20.53,19.9,19.93,0,19.93,
"2009-12-24",19.67,19.67,19.25,19.47,0,19.47,
"2009-12-23",19.54,19.97,19.35,19.71,0,19.71,
"2009-12-22",20.39,20.4,19.54,19.54,0,19.54,
"2009-12-21",21.46,21.51,20.28,20.49,0,20.49,
"2009-12-18",21.84,23.02,21.68,21.68,0,21.68,
"2009-12-17",21.89,22.86,21.4,22.57,0,22.57,
"2009-12-16",21.5,21.5,20.46,20.54,0,20.54,
"2009-12-15",21.09,21.87,20.91,21.5,0,21.5,
"2009-12-14",21.59,21.59,20.57,21.15,0,21.15,
"2009-12-11",21.45,22.31,21.39,21.59,0,21.59,
"2009-12-10",22.66,22.66,21.77,22.32,0,22.32,
"2009-12-09",23.21,24.2,22.54,22.66,0,22.66,
"2009-12-08",23.28,23.97,22.84,23.69,0,23.69,
"2009-12-07",22.32,22.46,21.6,22.1,0,22.1,
"2009-12-04",21.18,22.76,20.62,21.25,0,21.25,
"2009-12-03",21.15,22.5,20.61,22.46,0,22.46,
"2009-12-02",21.89,22.19,21.01,21.12,0,21.12,
"2009-12-01",24.51,24.51,21.88,21.92,0,21.92,
"2009-11-30",24.95,25.57,24.19,24.51,0,24.51,
"2009-11-27",25.75,25.93,23.12,24.74,0,24.74,
"2009-11-25",20.23,20.57,20.05,20.48,0,20.48,
"2009-11-24",21.28,21.87,20.35,20.47,0,20.47,
"2009-11-23",21.98,21.98,20.9,21.16,0,21.16,
"2009-11-20",23.45,23.45,22.14,22.19,0,22.19,
"2009-11-19",21.63,24.2,21.63,22.63,0,22.63,
"2009-11-18",22.35,22.65,21.63,21.63,0,21.63,
"2009-11-17",22.81,23.33,22.27,22.41,0,22.41,
"2009-11-16",23.36,23.42,22.02,22.89,0,22.89,
"2009-11-13",24.25,24.43,23.22,23.36,0,23.36,
"2009-11-12",23.04,24.61,22.91,24.24,0,24.24,
"2009-11-11",22.84,23.68,21.61,23,0,23,
"2009-11-10",23.15,23.53,22.78,22.84,0,22.84,
"2009-11-09",24.19,24.24,22.78,23.15,0,23.15,
"2009-11-06",26.17,26.17,24.06,24.19,0,24.19,
"2009-11-05",27.28,27.39,25.41,25.43,0,25.43,
"2009-11-04",28.81,28.81,26.61,27.72,0,27.72,
"2009-11-03",30.62,30.8,28.77,28.81,0,28.81,
"2009-11-02",30.7,31.84,28.07,29.78,0,29.78,
"2009-10-30",24.76,31.59,24.76,30.69,0,30.69,
"2009-10-29",27.16,27.19,24.68,24.76,0,24.76,
"2009-10-28",24.83,27.94,24.83,27.91,0,27.91,
"2009-10-27",24.38,25.22,24.03,24.83,0,24.83,
"2009-10-26",23.06,24.86,21.89,24.31,0,24.31,
"2009-10-23",20.7,22.59,20.34,22.27,0,22.27,
"2009-10-22",22.22,22.77,20.33,20.69,0,20.69,
"2009-10-21",20.9,22.48,20.1,22.22,0,22.22,
"2009-10-20",21.55,21.76,20.9,20.9,0,20.9,
"2009-10-19",21.41,22.46,20.91,21.49,0,21.49,
"2009-10-16",21.72,22.6,20.98,21.43,0,21.43,
"2009-10-15",23.51,23.53,21.49,21.72,0,21.72,
"2009-10-14",22.08,22.89,21.55,22.86,0,22.86,
"2009-10-13",23,24.07,22.74,22.99,0,22.99,
"2009-10-12",23.12,23.53,22.67,23.01,0,23.01,
"2009-10-09",24.39,24.54,22.99,23.12,0,23.12,
"2009-10-08",24.68,24.69,23.9,24.18,0,24.18,
"2009-10-07",25.78,25.82,24.57,24.68,0,24.68,
"2009-10-06",26.39,26.41,25.19,25.7,0,25.7,
"2009-10-05",29.34,29.34,26.57,26.84,0,26.84,
"2009-10-02",29.34,29.56,27.98,28.68,0,28.68,
"2009-10-01",25.98,28.42,25.98,28.27,0,28.27,
"2009-09-30",25.19,26.45,24.76,25.61,0,25.61,
"2009-09-29",24.88,25.28,24.54,25.19,0,25.19,
"2009-09-28",26.26,26.4,24.85,24.88,0,24.88,
"2009-09-25",25.18,26.34,24.81,25.61,0,25.61,
"2009-09-24",23.67,25.37,23.44,24.95,0,24.95,
"2009-09-23",22.9,23.69,22.19,23.49,0,23.49,
"2009-09-22",23.81,23.98,23.06,23.08,0,23.08,
"2009-09-21",25.34,25.51,23.71,24.06,0,24.06,
"2009-09-18",23.65,24.43,23.14,23.92,0,23.92,
"2009-09-17",23.99,24.07,22.79,23.65,0,23.65,
"2009-09-16",23.29,23.92,22.78,23.69,0,23.69,
"2009-09-15",23.9,24.27,23.07,23.42,0,23.42,
"2009-09-14",25.39,25.39,23.32,23.86,0,23.86,
"2009-09-11",23.49,24.33,22.48,24.15,0,24.15,
"2009-09-10",24.4,24.76,22.82,23.55,0,23.55,
"2009-09-09",25.66,25.93,24.23,24.32,0,24.32,
"2009-09-08",25.26,26.15,25.26,25.62,0,25.62,
"2009-09-04",26.98,26.98,24.86,25.26,0,25.26,
"2009-09-03",28.9,28.9,26.98,27.1,0,27.1,
"2009-09-02",29.14,29.57,28.41,28.9,0,28.9,
"2009-09-01",26.01,29.23,26,29.15,0,29.15,
"2009-08-31",24.76,27.01,24.76,26.01,0,26.01,
"2009-08-28",24.44,25.5,24.28,24.76,0,24.76,
"2009-08-27",25.13,25.89,24.43,24.68,0,24.68,
"2009-08-26",24.91,25.56,24.69,24.95,0,24.95,
"2009-08-25",25.13,25.13,22.58,24.92,0,24.92,
"2009-08-24",25.01,25.7,25.01,25.14,0,25.14,
"2009-08-21",24.49,25.06,23.91,25.01,0,25.01,
"2009-08-20",26.45,26.45,24.75,25.09,0,25.09,
"2009-08-19",28.08,28.14,26.14,26.26,0,26.26,
"2009-08-18",27.89,27.89,26.08,26.18,0,26.18,
"2009-08-17",24.27,28.39,24.27,27.89,0,27.89,
"2009-08-14",24.77,25.94,24.26,24.27,0,24.27,
"2009-08-13",25.34,26.15,24.71,24.71,0,24.71,
"2009-08-12",25.99,26.5,25.11,25.45,0,25.45,
"2009-08-11",24.98,26.98,24.98,25.99,0,25.99,
"2009-08-10",24.76,25.82,24.76,24.99,0,24.99,
"2009-08-07",24.71,24.95,23.98,24.76,0,24.76,
"2009-08-06",24.9,26.15,24.47,25.67,0,25.67,
"2009-08-05",24.91,25.85,24.86,24.9,0,24.9,
"2009-08-04",25.55,26.16,24.89,24.89,0,24.89,
"2009-08-03",25.92,26.49,25.56,25.56,0,25.56,
"2009-07-31",25.4,26.22,24.93,25.92,0,25.92,
"2009-07-30",25.4,25.76,24.85,25.4,0,25.4,
"2009-07-29",25.47,26.18,25.41,25.61,0,25.61,
"2009-07-28",24.28,25.61,24.28,25.01,0,25.01,
"2009-07-27",24.06,24.86,24.02,24.28,0,24.28,
"2009-07-24",23.87,23.87,23,23.09,0,23.09,
"2009-07-23",23.71,24.05,23.21,23.43,0,23.43,
"2009-07-22",24.05,24.14,23.24,23.47,0,23.47,
"2009-07-21",24.28,25.14,23.81,23.87,0,23.87,
"2009-07-20",25.06,25.42,24.26,24.4,0,24.4,
"2009-07-17",25.42,25.55,23.88,24.34,0,24.34,
"2009-07-16",25.96,26.18,24.51,25.42,0,25.42,
"2009-07-15",25.05,26.06,23.83,25.89,0,25.89,
"2009-07-14",26.31,26.84,24.99,25.02,0,25.02,
"2009-07-13",28.36,29.24,25.42,26.31,0,26.31,
"2009-07-10",29.78,30.34,28.82,29.02,0,29.02,
"2009-07-09",30.23,30.49,29.28,29.78,0,29.78,
"2009-07-08",30.85,33.05,30.43,31.3,0,31.3,
"2009-07-07",29,30.94,28.9,30.85,0,30.85,
"2009-07-06",30.32,30.6,28.99,29,0,29,
"2009-07-02",26.22,28.62,26.22,27.95,0,27.95,
"2009-07-01",25.73,26.31,24.8,26.22,0,26.22,
"2009-06-30",25.36,27.38,25.02,26.35,0,26.35,
"2009-06-29",25.93,27.18,25.29,25.35,0,25.35,
"2009-06-26",27.09,27.22,25.76,25.93,0,25.93,
"2009-06-25",29.45,29.56,26.3,26.36,0,26.36,
"2009-06-24",30.58,30.58,28.79,29.05,0,29.05,
"2009-06-23",31.3,31.54,27.83,30.58,0,30.58,
"2009-06-22",30.4,32.05,30.3,31.17,0,31.17,
"2009-06-19",29.16,29.32,27.56,27.99,0,27.99,
"2009-06-18",31.54,31.54,29.6,30.03,0,30.03,
"2009-06-17",31.19,32.77,30.64,31.54,0,31.54,
"2009-06-16",30.81,32.75,30.07,32.68,0,32.68,
"2009-06-15",29.7,31.09,29.64,30.81,0,30.81,
"2009-06-12",28.08,28.5,27.73,28.15,0,28.15,
"2009-06-11",27.36,28.11,26.81,28.11,0,28.11,
"2009-06-10",26.9,29.74,26.9,28.46,0,28.46,
"2009-06-09",29.77,29.77,27.79,28.27,0,28.27,
"2009-06-08",30.84,31.82,26.41,29.77,0,29.77,
"2009-06-05",29.39,30.81,28.85,29.62,0,29.62,
"2009-06-04",31.02,31.02,29.92,30.18,0,30.18,
"2009-06-03",29.62,31.79,29.62,31.02,0,31.02,
"2009-06-02",30.04,30.13,28.3,29.63,0,29.63,
"2009-06-01",28.7,30.05,28.45,30.04,0,30.04,
"2009-05-29",31.67,31.67,28.85,28.92,0,28.92,
"2009-05-28",31.54,33.32,31.1,31.67,0,31.67,
"2009-05-27",30.8,32.53,29.62,32.36,0,32.36,
"2009-05-26",34.57,34.57,30.38,30.62,0,30.62,
"2009-05-22",31.36,32.71,30.57,32.63,0,32.63,
"2009-05-21",29.03,32.77,29.03,31.35,0,31.35,
"2009-05-20",27.47,29.16,26.57,29.03,0,29.03,
"2009-05-19",30.23,30.32,28.35,28.8,0,28.8,
"2009-05-18",32.91,32.91,30,30.24,0,30.24,
"2009-05-15",31.36,33.61,30.59,33.12,0,33.12,
"2009-05-14",33.65,33.96,31.32,31.37,0,31.37,
"2009-05-13",32.97,33.99,32.56,33.65,0,33.65,
"2009-05-12",32.68,33.29,31.57,31.8,0,31.8,
"2009-05-11",32.05,34.08,32.05,32.87,0,32.87,
"2009-05-08",32.36,32.72,31.19,32.05,0,32.05,
"2009-05-07",32.1,34.56,31.91,33.44,0,33.44,
"2009-05-06",33.36,33.7,32.43,32.45,0,32.45,
"2009-05-05",34.54,35.14,33.36,33.36,0,33.36,
"2009-05-04",35.3,36.24,34.31,34.53,0,34.53,
"2009-05-01",36.5,36.88,34.88,35.3,0,35.3,
"2009-04-30",36.09,36.71,34.5,36.5,0,36.5,
"2009-04-29",37.95,37.95,35.37,36.08,0,36.08,
"2009-04-28",39.43,39.64,37.42,37.95,0,37.95,
"2009-04-27",39.46,39.52,37.97,38.32,0,38.32,
"2009-04-24",36.86,37.53,36.37,36.82,0,36.82,
"2009-04-23",38.1,38.52,37.01,37.15,0,37.15,
"2009-04-22",37.14,38.19,36.01,38.1,0,38.1,
"2009-04-21",40.27,40.29,36.95,37.14,0,37.14,
"2009-04-20",33.94,39.58,33.94,39.18,0,39.18,
"2009-04-17",35.36,35.52,33.68,33.94,0,33.94,
"2009-04-16",36.04,36.8,34.88,35.79,0,35.79,
"2009-04-15",37.85,38.06,36.1,36.17,0,36.17,
"2009-04-14",37.95,38.5,36.88,37.67,0,37.67,
"2009-04-13",38.32,38.91,37.51,37.81,0,37.81,
"2009-04-09",37.22,37.74,36.53,36.53,0,36.53,
"2009-04-08",40.39,40.86,38.7,38.85,0,38.85,
"2009-04-07",41.48,42.5,40.36,40.39,0,40.39,
"2009-04-06",41.96,43.02,40.83,40.93,0,40.93,
"2009-04-03",42.03,42.03,39.64,39.7,0,39.7,
"2009-04-02",42.28,42.68,40.3,42.04,0,42.04,
"2009-04-01",45.42,45.6,42.26,42.28,0,42.28,
"2009-03-31",45.54,45.54,42.27,44.14,0,44.14,
"2009-03-30",44.86,46.28,44.86,45.54,0,45.54,
"2009-03-27",40.36,42.13,40.36,41.04,0,41.04,
"2009-03-26",42.25,42.25,40.17,40.36,0,40.36,
"2009-03-25",42.35,44.2,40.81,42.25,0,42.25,
"2009-03-24",43.24,44,41.63,42.93,0,42.93,
"2009-03-23",45.89,45.89,41.27,43.23,0,43.23,
"2009-03-20",43.6,47.63,43.07,45.89,0,45.89,
"2009-03-19",40.06,44.17,38.79,43.68,0,43.68,
"2009-03-18",41.14,42.39,38.98,40.06,0,40.06,
"2009-03-17",44.23,44.59,40.74,40.8,0,40.8,
"2009-03-16",42.36,44.23,42.36,43.74,0,43.74,
"2009-03-13",40.99,43.52,40.03,42.36,0,42.36,
"2009-03-12",43.53,43.98,40.75,41.18,0,41.18,
"2009-03-11",43.35,44.26,42.36,43.61,0,43.61,
"2009-03-10",49.68,49.68,43.88,44.37,0,44.37,
"2009-03-09",49.35,51.34,48.4,49.68,0,49.68,
"2009-03-06",50.17,51.95,47.65,49.33,0,49.33,
"2009-03-05",47.56,51.95,46.98,50.17,0,50.17,
"2009-03-04",48.02,48.83,45.02,47.56,0,47.56,
"2009-03-03",52.65,52.76,48.5,50.93,0,50.93,
"2009-03-02",49.96,53.25,48.35,52.65,0,52.65,
"2009-02-27",44.66,47.34,44.46,46.35,0,46.35,
"2009-02-26",43.75,45.33,41.91,44.66,0,44.66,
"2009-02-25",45.73,47.23,42.84,44.67,0,44.67,
"2009-02-24",52.5,52.56,44.28,45.49,0,45.49,
"2009-02-23",49.3,53.16,48.97,52.62,0,52.62,
"2009-02-20",47.08,52.04,42.02,49.3,0,49.3,
"2009-02-19",48.54,48.54,44.81,47.08,0,47.08,
"2009-02-18",48.66,50.29,46,48.46,0,48.46,
"2009-02-17",48.14,51.18,46.96,48.66,0,48.66,
"2009-02-13",41.6,43.02,40.73,42.93,0,42.93,
"2009-02-12",44.52,48.63,41.21,41.25,0,41.25,
"2009-02-11",46.67,46.67,44.5,44.53,0,44.53,
"2009-02-10",45.14,48.12,44.18,46.67,0,46.67,
"2009-02-09",45.4,45.45,43.04,43.64,0,43.64,
"2009-02-06",43.71,43.71,41.2,43.37,0,43.37,
"2009-02-05",43.83,46.23,42.32,43.73,0,43.73,
"2009-02-04",43.06,44.52,41.39,43.85,0,43.85,
"2009-02-03",45.52,45.52,42.43,43.06,0,43.06,
"2009-02-02",49.42,49.54,45.26,45.52,0,45.52,
"2009-01-30",42.63,45.53,42.09,44.84,0,44.84,
"2009-01-29",41.34,43.03,41.12,42.63,0,42.63,
"2009-01-28",42.25,42.25,33.76,39.66,0,39.66,
"2009-01-27",45.11,45.93,42.2,42.25,0,42.25,
"2009-01-26",47.89,47.93,44.29,45.69,0,45.69,
"2009-01-23",50.39,51.11,46.43,47.27,0,47.27,
"2009-01-22",50.65,51.76,46.51,47.29,0,47.29,
"2009-01-21",51.52,54.12,46.15,46.42,0,46.42,
"2009-01-20",50.12,57.36,49.27,56.65,0,56.65,
"2009-01-16",51,51,45.96,46.11,0,46.11,
"2009-01-15",49.14,55.16,49.14,51,0,51,
"2009-01-14",46.24,51.55,46.14,49.14,0,49.14,
"2009-01-13",45.84,47.08,43.23,43.27,0,43.27,
"2009-01-12",42.06,46.62,41.94,45.84,0,45.84,
"2009-01-09",41.18,43.13,41.05,42.82,0,42.82,
"2009-01-08",43.38,44.6,42.56,42.56,0,42.56,
"2009-01-07",40.29,43.82,40.12,43.39,0,43.39,
"2009-01-06",38.06,39.33,37.34,38.56,0,38.56,
"2009-01-05",39.24,40.22,38.3,39.08,0,39.08,
"2009-01-02",39.58,39.82,36.88,39.19,0,39.19,
"2008-12-31",41.63,41.63,37.96,40,0,40,
"2008-12-30",43.99,44.29,41.63,41.63,0,41.63,
"2008-12-29",43.35,46.24,42.16,43.9,0,43.9,
"2008-12-26",44.27,44.36,42.92,43.38,0,43.38,
"2008-12-24",45.02,45.02,44.15,44.21,0,44.21,
"2008-12-23",43.19,45.39,41.68,45.02,0,45.02,
"2008-12-22",44.93,46.69,42.75,44.56,0,44.56,
"2008-12-19",46.01,46.01,41.29,44.93,0,44.93,
"2008-12-18",49.84,49.84,44.5,47.34,0,47.34,
"2008-12-17",52,52.19,49.36,49.84,0,49.84,
"2008-12-16",56.76,56.76,50.91,52.37,0,52.37,
"2008-12-15",55.68,58.49,55.68,56.76,0,56.76,
"2008-12-12",55.78,58.84,54.26,54.28,0,54.28,
"2008-12-11",55.08,56.44,52.94,55.78,0,55.78,
"2008-12-10",58.91,58.91,53.79,55.73,0,55.73,
"2008-12-09",59.48,59.57,56.37,58.91,0,58.91,
"2008-12-08",58.86,59.87,57.35,58.49,0,58.49,
"2008-12-05",63.64,66.54,59.26,59.93,0,59.93,
"2008-12-04",62.19,65.08,60.21,63.64,0,63.64,
"2008-12-03",62.98,65.37,60.18,60.72,0,60.72,
"2008-12-02",66.68,67.01,62.31,62.98,0,62.98,
"2008-12-01",60.47,68.6,60.36,68.51,0,68.51,
"2008-11-28",56.02,56.82,50.5,55.28,0,55.28,
"2008-11-26",60.9,62.5,54.62,54.92,0,54.92,
"2008-11-25",64.76,65.49,60.25,60.9,0,60.9,
"2008-11-24",71.19,71.35,61.81,64.7,0,64.7,
"2008-11-21",80.74,80.74,71.63,72.67,0,72.67,
"2008-11-20",74.26,81.48,72.76,80.86,0,80.86,
"2008-11-19",68.46,75,67.34,74.26,0,74.26,
"2008-11-18",70.09,73.13,67.18,67.64,0,67.64,
"2008-11-17",69.57,69.59,65.1,69.15,0,69.15,
"2008-11-14",62.6,66.31,59.75,66.31,0,66.31,
"2008-11-13",66.45,69.99,58.66,59.83,0,59.83,
"2008-11-12",61.52,67.19,61.52,66.46,0,66.46,
"2008-11-11",59.98,64.73,58.58,61.44,0,61.44,
"2008-11-10",56.09,62.09,54.63,59.98,0,59.98,
"2008-11-07",63.68,63.68,56.03,56.1,0,56.1,
"2008-11-06",56.71,64.78,55.6,63.68,0,63.68,
"2008-11-05",47.73,55.62,46.87,54.56,0,54.56,
"2008-11-04",53.68,53.68,44.25,47.73,0,47.73,
"2008-11-03",60.17,60.77,53.63,53.68,0,53.68,
"2008-10-31",62.93,65.85,56.73,59.89,0,59.89,
"2008-10-30",69.83,69.83,62.67,62.9,0,62.9,
"2008-10-29",66.96,71.14,62.72,69.96,0,69.96,
"2008-10-28",73.3,78.98,65.66,66.96,0,66.96,
"2008-10-27",79.13,81.65,65.9,80.06,0,80.06,
"2008-10-24",67.8,89.53,67.8,79.13,0,79.13,
"2008-10-23",68.03,79.43,51.83,67.8,0,67.8,
"2008-10-22",53,80.64,53,69.65,0,69.65,
"2008-10-21",52.95,56.37,50.91,53.11,0,53.11,
"2008-10-20",70.4,70.4,52.7,52.97,0,52.97,
"2008-10-17",67.65,74.48,59.82,70.33,0,70.33,
"2008-10-16",69.21,81.17,66.51,67.61,0,67.61,
"2008-10-15",55.69,69.47,55.69,69.25,0,69.25,
"2008-10-14",55.1,59.81,47.29,55.13,0,55.13,
"2008-10-13",69.95,71.42,54.69,54.99,0,54.99,
"2008-10-10",65.85,76.94,59.96,69.95,0,69.95,
"2008-10-09",57.57,64.92,52.54,63.92,0,63.92,
"2008-10-08",53.68,59.06,51.9,57.53,0,57.53,
"2008-10-07",52.05,54.19,47.03,53.68,0,53.68,
"2008-10-06",45.12,58.24,45.12,52.05,0,52.05,
"2008-10-03",45.22,45.52,41.51,45.14,0,45.14,
"2008-10-02",39.82,46.48,39.82,45.26,0,45.26,
"2008-10-01",39.39,42.38,39.39,39.81,0,39.81,
"2008-09-30",43.77,43.8,38.86,39.39,0,39.39,
"2008-09-29",36.92,48.4,36.92,46.72,0,46.72,
"2008-09-26",32.82,36.4,32.82,34.74,0,34.74,
"2008-09-25",35.19,35.19,32.45,32.82,0,32.82,
"2008-09-24",35.7,36.71,34.16,35.19,0,35.19,
"2008-09-23",33.85,36.08,32.63,35.72,0,35.72,
"2008-09-22",32.4,34.22,30.81,33.85,0,33.85,
"2008-09-19",33.07,33.08,27.95,32.07,0,32.07,
"2008-09-18",36.1,42.16,33.1,33.1,0,33.1,
"2008-09-17",30.25,36.4,30.25,36.22,0,36.22,
"2008-09-16",31.7,33.7,30.24,30.3,0,30.3,
"2008-09-15",25.66,31.87,25.66,31.7,0,31.7,
"2008-09-12",24.8,26.67,24.8,25.66,0,25.66,
"2008-09-11",25.38,26.25,24.39,24.39,0,24.39,
"2008-09-10",25.47,25.48,23.8,24.52,0,24.52,
"2008-09-09",22.69,25.68,22.58,25.47,0,25.47,
"2008-09-08",22.22,24.06,22.12,22.64,0,22.64,
"2008-09-05",24.54,24.71,22.97,23.06,0,23.06,
"2008-09-04",22.02,24.15,21.91,24.03,0,24.03,
"2008-09-03",21.99,22.3,21.39,21.43,0,21.43,
"2008-09-02",20.65,22.3,20.47,21.99,0,21.99,
"2008-08-29",19.43,20.71,19.43,20.65,0,20.65,
"2008-08-28",19.36,19.66,19.22,19.43,0,19.43,
"2008-08-27",20.48,20.67,19.53,19.76,0,19.76,
"2008-08-26",20.98,21.27,20.48,20.49,0,20.49,
"2008-08-25",18.78,21.22,18.78,20.97,0,20.97,
"2008-08-22",19.83,19.83,18.64,18.81,0,18.81,
"2008-08-21",20.43,21.08,18.94,19.82,0,19.82,
"2008-08-20",21.3,21.67,20.39,20.42,0,20.42,
"2008-08-19",21.76,22.14,21.28,21.28,0,21.28,
"2008-08-18",19.58,21.44,19.58,20.98,0,20.98,
"2008-08-15",20.24,20.65,19.57,19.58,0,19.58,
"2008-08-14",22.3,22.3,20.07,20.34,0,20.34,
"2008-08-13",21.57,22.11,20.8,21.55,0,21.55,
"2008-08-12",20.64,21.51,20.38,21.17,0,21.17,
"2008-08-11",20.66,20.96,19.66,20.12,0,20.12,
"2008-08-08",21.15,21.69,20.11,20.66,0,20.66,
"2008-08-07",20.23,21.46,20.23,21.15,0,21.15,
"2008-08-06",21.14,21.66,19.75,20.23,0,20.23,
"2008-08-05",22.99,22.99,20.06,21.14,0,21.14,
"2008-08-04",23.77,23.86,22.94,23.49,0,23.49,
"2008-08-01",22.66,23.37,22.35,22.57,0,22.57,
"2008-07-31",22.33,22.96,21.45,22.94,0,22.94,
"2008-07-30",22.03,22.31,20.99,21.21,0,21.21,
"2008-07-29",24.2,24.22,21.96,22.03,0,22.03,
"2008-07-28",22.91,24.62,19.65,24.23,0,24.23,
"2008-07-25",23.45,23.45,22.31,22.91,0,22.91,
"2008-07-24",21.31,23.61,21.31,23.44,0,23.44,
"2008-07-23",21.23,22.08,20.73,21.31,0,21.31,
"2008-07-22",24.02,24.08,21.05,21.18,0,21.18,
"2008-07-21",24.05,24.58,23.04,23.05,0,23.05,
"2008-07-18",25.01,25.19,23.78,24.05,0,24.05,
"2008-07-17",24.58,25.5,23.99,25.01,0,25.01,
"2008-07-16",28.19,28.19,24.87,25.1,0,25.1,
"2008-07-15",28.47,30.81,27.01,28.54,0,28.54,
"2008-07-14",27.49,29.3,26.9,28.48,0,28.48,
"2008-07-11",25.56,29.44,25.56,27.49,0,27.49,
"2008-07-10",25.22,26.62,25.07,25.59,0,25.59,
"2008-07-09",23.16,25.39,22.59,25.23,0,25.23,
"2008-07-08",25.72,26.05,23.02,23.15,0,23.15,
"2008-07-07",25.48,26.91,24.73,25.78,0,25.78,
"2008-07-03",25.92,26.08,24.44,24.79,0,24.79,
"2008-07-02",23.4,25.96,22.7,25.92,0,25.92,
"2008-07-01",25.14,25.57,23.64,23.65,0,23.65,
"2008-06-30",24.25,24.26,23.27,23.95,0,23.95,
"2008-06-27",23.75,24.56,23.3,23.44,0,23.44,
"2008-06-26",22.23,23.99,22.15,23.93,0,23.93,
"2008-06-25",22.42,22.42,20.34,21.14,0,21.14,
"2008-06-24",22.69,23.48,21.68,22.42,0,22.42,
"2008-06-23",22.89,23.14,22.52,22.64,0,22.64,
"2008-06-20",21.58,23.7,21.58,22.87,0,22.87,
"2008-06-19",22.24,22.61,20.91,21.58,0,21.58,
"2008-06-18",21.67,22.86,21.26,22.24,0,22.24,
"2008-06-17",20.96,21.42,20.02,21.13,0,21.13,
"2008-06-16",21.22,22.84,20.73,20.95,0,20.95,
"2008-06-13",23.02,23.14,21.04,21.22,0,21.22,
"2008-06-12",23.61,23.98,21.91,23.33,0,23.33,
"2008-06-11",23.44,24.3,22.86,24.12,0,24.12,
"2008-06-10",24.37,24.42,22.31,23.18,0,23.18,
"2008-06-09",23.56,24.47,20.78,23.12,0,23.12,
"2008-06-06",18.63,23.79,18.63,23.56,0,23.56,
"2008-06-05",20.54,20.59,18.62,18.63,0,18.63,
"2008-06-04",20.64,21.31,19.76,20.8,0,20.8,
"2008-06-03",19.8,21,18.89,20.24,0,20.24,
"2008-06-02",17.83,20.45,17.83,19.83,0,19.83,
"2008-05-30",18.14,18.21,17.56,17.83,0,17.83,
"2008-05-29",19.08,19.17,17.54,18.14,0,18.14,
"2008-05-28",19.64,20.03,19.01,19.07,0,19.07,
"2008-05-27",20.78,20.95,19.42,19.64,0,19.64,
"2008-05-23",18.58,19.8,18.38,19.55,0,19.55,
"2008-05-22",18.92,19.11,17.82,18.05,0,18.05,
"2008-05-21",17.64,18.89,17.01,18.59,0,18.59,
"2008-05-20",17.02,18.42,17.02,17.58,0,17.58,
"2008-05-19",16.47,17.89,15.82,17.01,0,17.01,
"2008-05-16",16.3,17.92,16.3,16.47,0,16.47,
"2008-05-15",17.65,17.84,16.25,16.3,0,16.3,
"2008-05-14",17.98,17.98,16.19,17.66,0,17.66,
"2008-05-13",17.79,18.63,17.76,17.98,0,17.98,
"2008-05-12",19.17,19.48,16.92,17.79,0,17.79,
"2008-05-09",19.98,20.01,19.3,19.41,0,19.41,
"2008-05-08",19.73,19.92,18.62,19.4,0,19.4,
"2008-05-07",18.48,19.98,18.42,19.73,0,19.73,
"2008-05-06",18.9,19.57,18.11,18.21,0,18.21,
"2008-05-05",18.68,19.29,18.68,18.9,0,18.9,
"2008-05-02",18.87,19.11,17.97,18.18,0,18.18,
"2008-05-01",20.78,20.83,18.87,18.88,0,18.88,
"2008-04-30",20.24,20.81,19.69,20.79,0,20.79,
"2008-04-29",19.86,20.54,19.63,20.24,0,20.24,
"2008-04-28",20.14,20.25,19.37,19.64,0,19.64,
"2008-04-25",19.6,20.36,19.28,19.59,0,19.59,
"2008-04-24",20.26,20.77,19.21,20.06,0,20.06,
"2008-04-23",20.63,20.95,19.88,20.26,0,20.26,
"2008-04-22",20.47,21.6,20.47,20.87,0,20.87,
"2008-04-21",20.15,21.12,20.15,20.5,0,20.5,
"2008-04-18",20.37,20.37,19.21,20.13,0,20.13,
"2008-04-17",21.13,21.54,20.35,20.37,0,20.37,
"2008-04-16",22.03,22.09,20.5,20.53,0,20.53,
"2008-04-15",23.84,23.99,22.72,22.78,0,22.78,
"2008-04-14",23.46,24.35,23.46,23.82,0,23.82,
"2008-04-11",23.03,23.59,22.65,23.46,0,23.46,
"2008-04-10",22.8,23.22,21.63,21.98,0,21.98,
"2008-04-09",22.36,23.57,22.36,22.81,0,22.81,
"2008-04-08",22.42,23.16,22.36,22.36,0,22.36,
"2008-04-07",22.45,22.73,21.21,22.42,0,22.42,
"2008-04-04",23,23.31,21.75,22.45,0,22.45,
"2008-04-03",23.84,24.15,23,23.21,0,23.21,
"2008-04-02",22.64,23.65,22.39,23.43,0,23.43,
"2008-04-01",25.61,25.61,22.52,22.68,0,22.68,
"2008-03-31",25.71,26.77,25.35,25.61,0,25.61,
"2008-03-28",25.81,25.96,25.04,25.71,0,25.71,
"2008-03-27",25.55,25.98,24.91,25.88,0,25.88,
"2008-03-26",25.75,26.85,25.51,26.08,0,26.08,
"2008-03-25",25.75,26.42,25.17,25.72,0,25.72,
"2008-03-24",26.64,27.04,24.75,25.73,0,25.73,
"2008-03-20",29.84,29.84,25.8,26.62,0,26.62,
"2008-03-19",25.78,29.95,25.16,29.84,0,29.84,
"2008-03-18",32.24,32.24,25.58,25.79,0,25.79,
"2008-03-17",35.14,35.6,31.1,32.24,0,32.24,
"2008-03-14",27.31,32.89,26.02,31.16,0,31.16,
"2008-03-13",27.22,29.62,25.65,27.29,0,27.29,
"2008-03-12",26.39,27.25,24.9,27.22,0,27.22,
"2008-03-11",27.25,28.64,26.35,26.36,0,26.36,
"2008-03-10",28.13,29.73,27.92,29.38,0,29.38,
"2008-03-07",28.52,29.29,26.48,27.49,0,27.49,
"2008-03-06",25.45,27.9,25.04,27.55,0,27.55,
"2008-03-05",25.52,25.77,23.3,24.6,0,24.6,
"2008-03-04",27.19,27.42,25.51,25.52,0,25.52,
"2008-03-03",27.54,28.13,26.27,26.28,0,26.28,
"2008-02-29",23.54,26.91,23.54,26.54,0,26.54,
"2008-02-28",22.69,23.79,22.69,23.53,0,23.53,
"2008-02-27",21.9,23.01,21.83,22.69,0,22.69,
"2008-02-26",23.44,23.45,21.64,21.9,0,21.9,
"2008-02-25",24.06,25.07,22.69,23.03,0,23.03,
"2008-02-22",24.99,25.93,23.62,24.06,0,24.06,
"2008-02-21",24.42,25.45,23.74,25.12,0,25.12,
"2008-02-20",25.6,26.95,24.21,24.4,0,24.4,
"2008-02-19",25.39,26.59,24.73,25.59,0,25.59,
"2008-02-15",25.58,25.67,24.45,25.02,0,25.02,
"2008-02-14",24.64,25.64,23.98,25.54,0,25.54,
"2008-02-13",25.67,26.06,24.57,24.88,0,24.88,
"2008-02-12",26.56,27.17,25.25,26.33,0,26.33,
"2008-02-11",29.14,29.57,27.32,27.6,0,27.6,
"2008-02-08",27.98,28.89,27.22,28.01,0,28.01,
"2008-02-07",29.51,29.7,26.78,27.66,0,27.66,
"2008-02-06",27.75,29.31,27.04,28.97,0,28.97,
"2008-02-05",27.2,28.49,27.2,28.24,0,28.24,
"2008-02-04",25.09,26.03,24.85,25.99,0,25.99,
"2008-02-01",25.66,25.75,24.02,24.02,0,24.02,
"2008-01-31",28.78,28.81,25.45,26.2,0,26.2,
"2008-01-30",27.53,28.34,24.74,27.62,0,27.62,
"2008-01-29",26.61,27.96,26.55,27.32,0,27.32,
"2008-01-28",29.67,30.26,27.57,27.78,0,27.78,
"2008-01-25",26.19,29.76,25.93,29.08,0,29.08,
"2008-01-24",28.07,28.48,27.03,27.78,0,27.78,
"2008-01-23",33.84,34.42,22.82,29.02,0,29.02,
"2008-01-22",35.12,37.57,29.71,31.01,0,31.01,
"2008-01-18",27.55,29.3,26.27,27.18,0,27.18,
"2008-01-17",24.11,28.51,23.87,28.46,0,28.46,
"2008-01-16",23.9,24.38,22.85,24.38,0,24.38,
"2008-01-15",24.1,24.59,22.97,23.34,0,23.34,
"2008-01-14",23.76,23.93,22.65,22.9,0,22.9,
"2008-01-11",24.04,24.41,23.22,23.68,0,23.68,
"2008-01-10",24.56,24.61,22.62,23.45,0,23.45,
"2008-01-09",25.61,25.95,23.9,24.12,0,24.12,
"2008-01-08",23.27,25.6,22.63,25.43,0,25.43,
"2008-01-07",24.62,24.88,23.3,23.79,0,23.79,
"2008-01-04",23.5,24.3,23.25,23.94,0,23.94,
"2008-01-03",23.11,23.27,22.11,22.49,0,22.49,
"2008-01-02",22.58,24.05,22.4,23.17,0,23.17,
